ban1_1,ban1_2,ban1_3,ban1_4,ban1_5,ban2_1,ban2_2,ban2_3,ban2_4,ban2_5,date,enemy,patch,pick1_ad,pick1_jungle,pick1_mid,pick1_support,pick1_top,pick2_ad,pick2_jungle,pick2_mid,pick2_support,pick2_top,player_ad,player_jungle,player_mid,player_support,player_top,result,side,tournament,tournament_type
,,,,,,,,,,2025-07-13 03:39:00,,,,,,,,,,,,,,,,,,Loss,Blue,,Domestic
,,,,,,,,,,2025-07-13 02:51:00,,,,,,,,,,,,,,,,,,Loss,Red,,Domestic
,,,,,,,,,,2025-07-13 02:03:00,,,,,,,,,,,,,,,,,,Win,Blue,,Domestic
,,,,,,,,,,2025-07-13 01:10:00,,,,,,,,,,,,,,,,,,Loss,Red,,Domestic
,,,,,,,,,,2025-07-13 00:16:00,,,,,,,,,,,,,,,,,,Win,Red,,Domestic
,,,,,,,,,,2025-07-12 03:36:00,,,,,,,,,,,,,,,,,,Win,Red,,Domestic
,,,,,,,,,,2025-07-12 02:48:00,,,,,,,,,,,,,,,,,,Win,Blue,,Domestic
,,,,,,,,,,2025-07-12 01:56:00,,,,,,,,,,,,,,,,,,Loss,Red,,Domestic
,,,,,,,,,,2025-07-12 01:06:00,,,,,,,,,,,,,,,,,,Win,Blue,,Domestic
,,,,,,,,,,2025-07-12 00:08:00,,,,,,,,,,,,,,,,,,Loss,Blue,,Domestic
,,,,,,,,,,2025-07-10 04:01:00,,,,,,,,,,,,,,,,,,Loss,Red,,Domestic
,,,,,,,,,,2025-07-10 02:53:00,,,,,,,,,,,,,,,,,,Win,Blue,,Domestic
,,,,,,,,,,2025-07-10 01:53:00,,,,,,,,,,,,,,,,,,Loss,Red,,Domestic
,,,,,,,,,,2025-07-10 01:03:00,,,,,,,,,,,,,,,,,,Win,Blue,,Domestic
,,,,,,,,,,2025-07-10 00:08:00,,,,,,,,,,,,,,,,,,Loss,Blue,,Domestic
,,,,,,,,,,2025-07-06 00:39:00,,,,,,,,,,,,,,,,,,Win,Red,,Domestic
,,,,,,,,,,2025-07-05 23:42:00,,,,,,,,,,,,,,,,,,Win,Red,,Domestic
,,,,,,,,,,2025-07-05 22:55:00,,,,,,,,,,,,,,,,,,Win,Red,,Domestic
,,,,,,,,,,2025-07-04 02:43:00,,,,,,,,,,,,,,,,,,Win,Red,,Domestic
,,,,,,,,,,2025-07-04 01:43:00,,,,,,,,,,,,,,,,,,Win,Blue,,Domestic
,,,,,,,,,,2025-07-04 00:51:00,,,,,,,,,,,,,,,,,,Loss,Blue,,Domestic
,,,,,,,,,,2025-07-04 00:00:00,,,,,,,,,,,,,,,,,,Loss,Red,,Domestic
,,,,,,,,,,2025-07-03 23:02:00,,,,,,,,,,,,,,,,,,Win,Red,,Domestic
,,,,,,,,,,2025-06-15 08:16:00,,,,,,,,,,,,,,,,,,Win,Blue,,Domestic
,,,,,,,,,,2025-06-15 07:20:00,,,,,,,,,,,,,,,,,,Win,Red,,Domestic
,,,,,,,,,,2025-06-15 06:17:00,,,,,,,,,,,,,,,,,,Win,Red,,Domestic
,,,,,,,,,,2025-06-14 09:34:00,,,,,,,,,,,,,,,,,,Win,Red,,Domestic
,,,,,,,,,,2025-06-14 08:38:00,,,,,,,,,,,,,,,,,,Win,Red,,Domestic
,,,,,,,,,,2025-06-14 07:41:00,,,,,,,,,,,,,,,,,,Win,Blue,,Domestic
,,,,,,,,,,2025-06-14 06:20:00,,,,,,,,,,,,,,,,,,Loss,Blue,,Domestic
,,,,,,,,,,2025-05-30 08:56:00,,,,,,,,,,,,,,,,,,Loss,Blue,,Domestic
,,,,,,,,,,2025-05-30 08:06:00,,,,,,,,,,,,,,,,,,Loss,Red,,Domestic
,,,,,,,,,,2025-05-28 12:09:00,,,,,,,,,,,,,,,,,,Loss,Blue,,Domestic
,,,,,,,,,,2025-05-28 11:13:00,,,,,,,,,,,,,,,,,,Loss,Blue,,Domestic
,,,,,,,,,,2025-05-24 09:55:00,,,,,,,,,,,,,,,,,,Win,Red,,Domestic
,,,,,,,,,,2025-05-24 09:07:00,,,,,,,,,,,,,,,,,,Win,Red,,Domestic
,,,,,,,,,,2025-05-22 11:01:00,,,,,,,,,,,,,,,,,,Win,Red,,Domestic
,,,,,,,,,,2025-05-22 10:12:00,,,,,,,,,,,,,,,,,,Win,Blue,,Domestic
,,,,,,,,,,2025-05-18 09:22:00,,,,,,,,,,,,,,,,,,Loss,Blue,,Domestic
,,,,,,,,,,2025-05-18 08:21:00,,,,,,,,,,,,,,,,,,Loss,Red,,Domestic
,,,,,,,,,,2025-05-15 13:15:00,,,,,,,,,,,,,,,,,,Win,Blue,,Domestic
,,,,,,,,,,2025-05-15 12:19:00,,,,,,,,,,,,,,,,,,Loss,Red,,Domestic
,,,,,,,,,,2025-05-15 11:18:00,,,,,,,,,,,,,,,,,,Win,Blue,,Domestic
,,,,,,,,,,2025-05-10 06:57:00,,,,,,,,,,,,,,,,,,Win,Red,,Domestic
,,,,,,,,,,2025-05-10 06:05:00,,,,,,,,,,,,,,,,,,Win,Red,,Domestic
,,,,,,,,,,2025-05-08 09:02:00,,,,,,,,,,,,,,,,,,Win,Red,,Domestic
,,,,,,,,,,2025-05-08 08:06:00,,,,,,,,,,,,,,,,,,Win,Blue,,Domestic
,,,,,,,,,,2025-05-04 07:00:00,,,,,,,,,,,,,,,,,,Win,Red,,Domestic
,,,,,,,,,,2025-05-04 06:06:00,,,,,,,,,,,,,,,,,,Win,Red,,Domestic
,,,,,,,,,,2025-05-02 08:59:00,,,,,,,,,,,,,,,,,,Win,Red,,Domestic
,,,,,,,,,,2025-05-02 08:05:00,,,,,,,,,,,,,,,,,,Win,Blue,,Domestic
,,,,,,,,,,2025-04-27 07:50:00,,,,,,,,,,,,,,,,,,Loss,Red,,Domestic
,,,,,,,,,,2025-04-27 07:05:00,,,,,,,,,,,,,,,,,,Win,Blue,,Domestic
,,,,,,,,,,2025-04-27 06:06:00,,,,,,,,,,,,,,,,,,Loss,Red,,Domestic
,,,,,,,,,,2025-04-25 12:05:00,,,,,,,,,,,,,,,,,,Win,Blue,,Domestic
,,,,,,,,,,2025-04-25 11:16:00,,,,,,,,,,,,,,,,,,Loss,Red,,Domestic
,,,,,,,,,,2025-04-25 10:18:00,,,,,,,,,,,,,,,,,,Win,Blue,,Domestic
,,,,,,,,,,2025-04-18 10:05:00,,,,,,,,,,,,,,,,,,Loss,Blue,,Domestic
,,,,,,,,,,2025-04-18 09:10:00,,,,,,,,,,,,,,,,,,Loss,Red,,Domestic
,,,,,,,,,,2025-04-18 08:05:00,,,,,,,,,,,,,,,,,,Win,Red,,Domestic
,,,,,,,,,,2025-04-16 09:52:00,,,,,,,,,,,,,,,,,,Win,Blue,,Domestic
,,,,,,,,,,2025-04-16 09:00:00,,,,,,,,,,,,,,,,,,Loss,Red,,Domestic
,,,,,,,,,,2025-04-16 08:05:00,,,,,,,,,,,,,,,,,,Win,Blue,,Domestic
,,,,,,,,,,2025-04-12 07:14:00,,,,,,,,,,,,,,,,,,Loss,Blue,,Domestic
,,,,,,,,,,2025-04-12 06:07:00,,,,,,,,,,,,,,,,,,Loss,Red,,Domestic
,,,,,,,,,,2025-04-10 11:20:00,,,,,,,,,,,,,,,,,,Win,Red,,Domestic
,,,,,,,,,,2025-04-10 10:33:00,,,,,,,,,,,,,,,,,,Win,Blue,,Domestic
,,,,,,,,,,2025-04-06 10:34:00,,,,,,,,,,,,,,,,,,Loss,Blue,,Domestic
,,,,,,,,,,2025-04-06 09:30:00,,,,,,,,,,,,,,,,,,Loss,Red,,Domestic
,,,,,,,,,,2025-04-06 08:30:00,,,,,,,,,,,,,,,,,,Win,Blue,,Domestic
,,,,,,,,,,2025-04-04 12:17:00,,,,,,,,,,,,,,,,,,Win,Red,,Domestic
,,,,,,,,,,2025-04-04 11:22:00,,,,,,,,,,,,,,,,,,Win,Red,,Domestic
,,,,,,,,,,2025-02-13 11:40:00,,,,,,,,,,,,,,,,,,Loss,Red,,Domestic
,,,,,,,,,,2025-02-13 10:41:00,,,,,,,,,,,,,,,,,,Win,Blue,,Domestic
,,,,,,,,,,2025-02-13 09:46:00,,,,,,,,,,,,,,,,,,Loss,Red,,Domestic
,,,,,,,,,,2025-02-13 08:55:00,,,,,,,,,,,,,,,,,,Win,Blue,,Domestic
,,,,,,,,,,2025-02-13 08:05:00,,,,,,,,,,,,,,,,,,Loss,Red,,Domestic
,,,,,,,,,,2025-02-08 06:59:00,,,,,,,,,,,,,,,,,,Win,Red,,Domestic
,,,,,,,,,,2025-02-08 06:05:00,,,,,,,,,,,,,,,,,,Win,Blue,,Domestic
,,,,,,,,,,2025-02-01 07:51:00,,,,,,,,,,,,,,,,,,Win,Blue,,Domestic
,,,,,,,,,,2025-02-01 06:58:00,,,,,,,,,,,,,,,,,,Loss,Red,,Domestic
,,,,,,,,,,2025-02-01 06:04:00,,,,,,,,,,,,,,,,,,Win,Blue,,Domestic
,,,,,,,,,,2025-01-26 06:58:00,,,,,,,,,,,,,,,,,,Win,Red,,Domestic
,,,,,,,,,,2025-01-26 06:04:00,,,,,,,,,,,,,,,,,,Win,Blue,,Domestic
,,,,,,,,,,2025-01-24 13:04:00,,,,,,,,,,,,,,,,,,Win,Blue,,Domestic
,,,,,,,,,,2025-01-24 12:03:00,,,,,,,,,,,,,,,,,,Loss,Red,,Domestic
,,,,,,,,,,2025-01-24 11:12:00,,,,,,,,,,,,,,,,,,Win,Blue,,Domestic
,,,,,,,,,,2025-01-18 09:33:00,,,,,,,,,,,,,,,,,,Win,Red,,Domestic
,,,,,,,,,,2025-01-18 08:36:00,,,,,,,,,,,,,,,,,,Win,Red,,Domestic
,,,,,,,,,,2025-01-16 12:50:00,,,,,,,,,,,,,,,,,,Loss,Red,,Domestic
,,,,,,,,,,2025-01-16 11:55:00,,,,,,,,,,,,,,,,,,Win,Blue,,Domestic
,,,,,,,,,,2025-01-16 11:11:00,,,,,,,,,,,,,,,,,,Loss,Red,,Domestic
,,,,,,,,,,2024-12-03 12:37:00,,,,,,,,,,,,,,,,,,Loss,Red,,Domestic
,,,,,,,,,,2024-12-03 08:53:00,,,,,,,,,,,,,,,,,,Loss,Blue,,Domestic
,,,,,,,,,,2024-12-01 12:52:00,,,,,,,,,,,,,,,,,,Loss,Red,,Domestic
,,,,,,,,,,2024-12-01 07:53:00,,,,,,,,,,,,,,,,,,Loss,Red,,Domestic
,,,,,,,,,,2024-12-01 05:22:00,,,,,,,,,,,,,,,,,,Loss,Blue,,Domestic
,,,,,,,,,,2024-11-02 17:54:00,,,,,,,,,,,,,,,,,,Win,Red,,Domestic
,,,,,,,,,,2024-11-02 17:01:00,,,,,,,,,,,,,,,,,,Win,Blue,,Domestic
,,,,,,,,,,2024-11-02 16:15:00,,,,,,,,,,,,,,,,,,Loss,Red,,Domestic
,,,,,,,,,,2024-11-02 15:28:00,,,,,,,,,,,,,,,,,,Win,Blue,,Domestic
,,,,,,,,,,2024-11-02 14:35:00,,,,,,,,,,,,,,,,,,Loss,Blue,,Domestic
,,,,,,,,,,2024-10-27 15:45:00,,,,,,,,,,,,,,,,,,Win,Red,,Domestic
,,,,,,,,,,2024-10-27 14:54:00,,,,,,,,,,,,,,,,,,Win,Blue,,Domestic
,,,,,,,,,,2024-10-27 14:07:00,,,,,,,,,,,,,,,,,,Loss,Red,,Domestic
,,,,,,,,,,2024-10-27 13:18:00,,,,,,,,,,,,,,,,,,Win,Blue,,Domestic
,,,,,,,,,,2024-10-19 14:02:00,,,,,,,,,,,,,,,,,,Win,Red,,Domestic
,,,,,,,,,,2024-10-19 13:08:00,,,,,,,,,,,,,,,,,,Win,Red,,Domestic
,,,,,,,,,,2024-10-19 12:15:00,,,,,,,,,,,,,,,,,,Win,Red,,Domestic
,,,,,,,,,,2024-10-11 12:58:00,,,,,,,,,,,,,,,,,,Win,Red,,Domestic
,,,,,,,,,,2024-10-11 12:12:00,,,,,,,,,,,,,,,,,,Win,Red,,Domestic
,,,,,,,,,,2024-10-06 13:00:00,,,,,,,,,,,,,,,,,,Win,Red,,Domestic
,,,,,,,,,,2024-10-04 16:21:00,,,,,,,,,,,,,,,,,,Win,Blue,,Domestic
,,,,,,,,,,2024-10-03 13:32:00,,,,,,,,,,,,,,,,,,Loss,Red,,Domestic
,,,,,,,,,,2024-09-14 09:36:00,,,,,,,,,,,,,,,,,,Win,Blue,,Domestic
,,,,,,,,,,2024-09-14 08:35:00,,,,,,,,,,,,,,,,,,Loss,Red,,Domestic
,,,,,,,,,,2024-09-14 07:46:00,,,,,,,,,,,,,,,,,,Win,Blue,,Domestic
,,,,,,,,,,2024-09-14 06:54:00,,,,,,,,,,,,,,,,,,Loss,Red,,Domestic
,,,,,,,,,,2024-09-14 06:06:00,,,,,,,,,,,,,,,,,,Win,Blue,,Domestic
,,,,,,,,,,2024-09-12 12:25:00,,,,,,,,,,,,,,,,,,Loss,Blue,,Domestic
,,,,,,,,,,2024-09-12 11:22:00,,,,,,,,,,,,,,,,,,Loss,Red,,Domestic
,,,,,,,,,,2024-09-12 10:08:00,,,,,,,,,,,,,,,,,,Win,Blue,,Domestic
,,,,,,,,,,2024-09-12 09:12:00,,,,,,,,,,,,,,,,,,Loss,Red,,Domestic
,,,,,,,,,,2024-09-12 08:07:00,,,,,,,,,,,,,,,,,,Win,Blue,,Domestic
,,,,,,,,,,2024-09-07 09:07:00,,,,,,,,,,,,,,,,,,Loss,Blue,,Domestic
,,,,,,,,,,2024-09-07 08:19:00,,,,,,,,,,,,,,,,,,Loss,Red,,Domestic
,,,,,,,,,,2024-09-07 07:15:00,,,,,,,,,,,,,,,,,,Win,Blue,,Domestic
,,,,,,,,,,2024-09-07 06:22:00,,,,,,,,,,,,,,,,,,Loss,Red,,Domestic
,,,,,,,,,,2024-09-01 08:52:00,,,,,,,,,,,,,,,,,,Win,Blue,,Domestic
,,,,,,,,,,2024-09-01 08:03:00,,,,,,,,,,,,,,,,,,Win,Red,,Domestic
,,,,,,,,,,2024-09-01 07:11:00,,,,,,,,,,,,,,,,,,Win,Blue,,Domestic
,,,,,,,,,,2024-09-01 06:14:00,,,,,,,,,,,,,,,,,,Loss,Red,,Domestic
,,,,,,,,,,2024-08-29 10:02:00,,,,,,,,,,,,,,,,,,Loss,Blue,,Domestic
,,,,,,,,,,2024-08-29 09:02:00,,,,,,,,,,,,,,,,,,Loss,Blue,,Domestic
,,,,,,,,,,2024-08-29 08:09:00,,,,,,,,,,,,,,,,,,Loss,Red,,Domestic
,,,,,,,,,,2024-08-24 08:52:00,,,,,,,,,,,,,,,,,,Win,Red,,Domestic
,,,,,,,,,,2024-08-24 07:56:00,,,,,,,,,,,,,,,,,,Win,Blue,,Domestic
,,,,,,,,,,2024-08-24 07:04:00,,,,,,,,,,,,,,,,,,Loss,Red,,Domestic
,,,,,,,,,,2024-08-24 06:06:00,,,,,,,,,,,,,,,,,,Win,Blue,,Domestic
,,,,,,,,,,2024-08-17 10:01:00,,,,,,,,,,,,,,,,,,Win,Red,,Domestic
,,,,,,,,,,2024-08-17 09:08:00,,,,,,,,,,,,,,,,,,Win,Blue,,Domestic
,,,,,,,,,,2024-08-14 12:30:00,,,,,,,,,,,,,,,,,,Win,Red,,Domestic
,,,,,,,,,,2024-08-14 11:38:00,,,,,,,,,,,,,,,,,,Win,Blue,,Domestic
,,,,,,,,,,2024-08-14 10:42:00,,,,,,,,,,,,,,,,,,Loss,Red,,Domestic
,,,,,,,,,,2024-08-11 10:50:00,,,,,,,,,,,,,,,,,,Win,Red,,Domestic
,,,,,,,,,,2024-08-11 09:56:00,,,,,,,,,,,,,,,,,,Win,Red,,Domestic
,,,,,,,,,,2024-08-09 12:40:00,,,,,,,,,,,,,,,,,,Loss,Blue,,Domestic
,,,,,,,,,,2024-08-09 11:43:00,,,,,,,,,,,,,,,,,,Loss,Blue,,Domestic
,,,,,,,,,,2024-08-03 07:12:00,,,,,,,,,,,,,,,,,,Loss,Blue,,Domestic
,,,,,,,,,,2024-08-03 06:06:00,,,,,,,,,,,,,,,,,,Loss,Blue,,Domestic
,,,,,,,,,,2024-07-31 10:07:00,,,,,,,,,,,,,,,,,,Win,Red,,Domestic
,,,,,,,,,,2024-07-31 09:15:00,,,,,,,,,,,,,,,,,,Win,Blue,,Domestic
,,,,,,,,,,2024-07-31 08:06:00,,,,,,,,,,,,,,,,,,Loss,Blue,,Domestic
,,,,,,,,,,2024-07-28 07:16:00,,,,,,,,,,,,,,,,,,Win,Red,,Domestic
,,,,,,,,,,2024-07-28 06:07:00,,,,,,,,,,,,,,,,,,Win,Red,,Domestic
,,,,,,,,,,2024-07-26 12:28:00,,,,,,,,,,,,,,,,,,Win,Blue,,Domestic
,,,,,,,,,,2024-07-26 11:31:00,,,,,,,,,,,,,,,,,,Loss,Red,,Domestic
,,,,,,,,,,2024-07-26 10:36:00,,,,,,,,,,,,,,,,,,Win,Red,,Domestic
,,,,,,,,,,2024-07-20 06:58:00,,,,,,,,,,,,,,,,,,Loss,Blue,,Domestic
,,,,,,,,,,2024-07-20 06:08:00,,,,,,,,,,,,,,,,,,Loss,Blue,,Domestic
,,,,,,,,,,2024-07-18 09:43:00,,,,,,,,,,,,,,,,,,Loss,Red,,Domestic
,,,,,,,,,,2024-07-18 08:57:00,,,,,,,,,,,,,,,,,,Win,Blue,,Domestic
,,,,,,,,,,2024-07-18 08:06:00,,,,,,,,,,,,,,,,,,Loss,Red,,Domestic
,,,,,,,,,,2024-07-12 12:41:00,,,,,,,,,,,,,,,,,,Loss,Red,,Domestic
,,,,,,,,,,2024-07-12 11:45:00,,,,,,,,,,,,,,,,,,Win,Blue,,Domestic
,,,,,,,,,,2024-07-12 10:41:00,,,,,,,,,,,,,,,,,,Loss,Red,,Domestic
,,,,,,,,,,2024-07-10 09:45:00,,,,,,,,,,,,,,,,,,Win,Blue,,Domestic
,,,,,,,,,,2024-07-10 08:53:00,,,,,,,,,,,,,,,,,,Loss,Red,,Domestic
,,,,,,,,,,2024-07-10 08:07:00,,,,,,,,,,,,,,,,,,Win,Blue,,Domestic
,,,,,,,,,,2024-07-07 19:38:00,,,,,,,,,,,,,,,,,,Win,Red,,Domestic
,,,,,,,,,,2024-07-07 18:16:00,,,,,,,,,,,,,,,,,,Win,Red,,Domestic
,,,,,,,,,,2024-07-07 16:55:00,,,,,,,,,,,,,,,,,,Win,Blue,,Domestic
,,,,,,,,,,2024-07-07 16:08:00,,,,,,,,,,,,,,,,,,Loss,Red,,Domestic
,,,,,,,,,,2024-07-06 17:13:00,,,,,,,,,,,,,,,,,,Win,Red,,Domestic
,,,,,,,,,,2024-07-06 16:19:00,,,,,,,,,,,,,,,,,,Win,Blue,,Domestic
,,,,,,,,,,2024-07-06 15:15:00,,,,,,,,,,,,,,,,,,Loss,Red,,Domestic
,,,,,,,,,,2024-07-04 17:33:00,,,,,,,,,,,,,,,,,,Win,Red,,Domestic
,,,,,,,,,,2024-07-04 16:15:00,,,,,,,,,,,,,,,,,,Loss,Blue,,Domestic
,,,,,,,,,,2024-07-04 15:07:00,,,,,,,,,,,,,,,,,,Win,Red,,Domestic
,,,,,,,,,,2024-06-29 08:34:00,,,,,,,,,,,,,,,,,,Loss,Blue,,Domestic
,,,,,,,,,,2024-06-29 07:42:00,,,,,,,,,,,,,,,,,,Loss,Red,,Domestic
,,,,,,,,,,2024-06-29 06:07:00,,,,,,,,,,,,,,,,,,Win,Blue,,Domestic
,,,,,,,,,,2024-06-26 09:00:00,,,,,,,,,,,,,,,,,,Win,Blue,,Domestic
,,,,,,,,,,2024-06-26 08:05:00,,,,,,,,,,,,,,,,,,Win,Blue,,Domestic
,,,,,,,,,,2024-06-21 12:37:00,,,,,,,,,,,,,,,,,,Win,Red,,Domestic
,,,,,,,,,,2024-06-21 11:36:00,,,,,,,,,,,,,,,,,,Win,Blue,,Domestic
,,,,,,,,,,2024-06-21 10:36:00,,,,,,,,,,,,,,,,,,Loss,Blue,,Domestic
,,,,,,,,,,2024-06-19 11:51:00,,,,,,,,,,,,,,,,,,Win,Red,,Domestic
,,,,,,,,,,2024-06-19 10:43:00,,,,,,,,,,,,,,,,,,Win,Red,,Domestic
,,,,,,,,,,2024-06-16 10:11:00,,,,,,,,,,,,,,,,,,Loss,Blue,,Domestic
,,,,,,,,,,2024-06-16 09:23:00,,,,,,,,,,,,,,,,,,Loss,Red,,Domestic
,,,,,,,,,,2024-06-14 11:50:00,,,,,,,,,,,,,,,,,,Win,Blue,,Domestic
,,,,,,,,,,2024-06-14 10:51:00,,,,,,,,,,,,,,,,,,Win,Blue,,Domestic
,,,,,,,,,,2024-05-18 12:24:00,,,,,,,,,,,,,,,,,,Loss,Red,,Domestic
,,,,,,,,,,2024-05-18 11:27:00,,,,,,,,,,,,,,,,,,Win,Blue,,Domestic
,,,,,,,,,,2024-05-18 10:45:00,,,,,,,,,,,,,,,,,,Loss,Red,,Domestic
,,,,,,,,,,2024-05-18 09:58:00,,,,,,,,,,,,,,,,,,Win,Blue,,Domestic
,,,,,,,,,,2024-05-18 09:10:00,,,,,,,,,,,,,,,,,,Loss,Red,,Domestic
,,,,,,,,,,2024-05-17 10:48:00,,,,,,,,,,,,,,,,,,Win,Red,,Domestic
,,,,,,,,,,2024-05-17 09:56:00,,,,,,,,,,,,,,,,,,Win,Red,,Domestic
,,,,,,,,,,2024-05-17 09:11:00,,,,,,,,,,,,,,,,,,Win,Blue,,Domestic
,,,,,,,,,,2024-05-15 11:54:00,,,,,,,,,,,,,,,,,,Win,Blue,,Domestic
,,,,,,,,,,2024-05-15 11:00:00,,,,,,,,,,,,,,,,,,Loss,Red,,Domestic
,,,,,,,,,,2024-05-15 09:58:00,,,,,,,,,,,,,,,,,,Win,Red,,Domestic
,,,,,,,,,,2024-05-15 09:10:00,,,,,,,,,,,,,,,,,,Win,Blue,,Domestic
,,,,,,,,,,2024-05-12 08:58:00,,,,,,,,,,,,,,,,,,Loss,Blue,,Domestic
,,,,,,,,,,2024-05-12 08:08:00,,,,,,,,,,,,,,,,,,Loss,Red,,Domestic
,,,,,,,,,,2024-05-12 07:20:00,,,,,,,,,,,,,,,,,,Win,Red,,Domestic
,,,,,,,,,,2024-05-12 06:32:00,,,,,,,,,,,,,,,,,,Loss,Red,,Domestic
,,,,,,,,,,2024-05-10 12:33:00,,,,,,,,,,,,,,,,,,Win,Red,,Domestic
,,,,,,,,,,2024-05-10 11:49:00,,,,,,,,,,,,,,,,,,Win,Blue,,Domestic
,,,,,,,,,,2024-05-10 11:02:00,,,,,,,,,,,,,,,,,,Loss,Blue,,Domestic
,,,,,,,,,,2024-05-10 10:13:00,,,,,,,,,,,,,,,,,,Loss,Red,,Domestic
,,,,,,,,,,2024-05-10 09:13:00,,,,,,,,,,,,,,,,,,Win,Red,,Domestic
,,,,,,,,,,2024-05-03 08:47:00,,,,,,,,,,,,,,,,,,Win,Red,,Domestic
,,,,,,,,,,2024-05-03 08:10:00,,,,,,,,,,,,,,,,,,Win,Blue,,Domestic
,,,,,,,,,,2024-05-01 12:10:00,,,,,,,,,,,,,,,,,,Win,Red,,Domestic
,,,,,,,,,,2024-05-01 11:26:00,,,,,,,,,,,,,,,,,,Win,Blue,,Domestic
,,,,,,,,,,2024-04-14 10:19:00,,,,,,,,,,,,,,,,,,Loss,Blue,,Domestic
,,,,,,,,,,2024-04-14 09:26:00,,,,,,,,,,,,,,,,,,Loss,Red,,Domestic
,,,,,,,,,,2024-04-14 08:26:00,,,,,,,,,,,,,,,,,,Win,Red,,Domestic
,,,,,,,,,,2024-04-14 07:32:00,,,,,,,,,,,,,,,,,,Win,Blue,,Domestic
,,,,,,,,,,2024-04-14 06:26:00,,,,,,,,,,,,,,,,,,Loss,Red,,Domestic
,,,,,,,,,,2024-04-13 09:17:00,,,,,,,,,,,,,,,,,,Win,Red,,Domestic
,,,,,,,,,,2024-04-13 08:21:00,,,,,,,,,,,,,,,,,,Win,Blue,,Domestic
,,,,,,,,,,2024-04-13 07:24:00,,,,,,,,,,,,,,,,,,Win,Blue,,Domestic
,,,,,,,,,,2024-04-13 06:22:00,,,,,,,,,,,,,,,,,,Loss,Red,,Domestic
,,,,,,,,,,2024-04-07 08:02:00,,,,,,,,,,,,,,,,,,Win,Red,,Domestic
,,,,,,,,,,2024-04-07 07:06:00,,,,,,,,,,,,,,,,,,Win,Red,,Domestic
,,,,,,,,,,2024-04-07 06:12:00,,,,,,,,,,,,,,,,,,Win,Blue,,Domestic
,,,,,,,,,,2024-04-04 10:11:00,,,,,,,,,,,,,,,,,,Loss,Blue,,Domestic
,,,,,,,,,,2024-04-04 09:10:00,,,,,,,,,,,,,,,,,,Loss,Blue,,Domestic
,,,,,,,,,,2024-04-04 08:12:00,,,,,,,,,,,,,,,,,,Loss,Blue,,Domestic
,,,,,,,,,,2024-03-23 09:32:00,,,,,,,,,,,,,,,,,,Win,Red,,Domestic
,,,,,,,,,,2024-03-23 08:46:00,,,,,,,,,,,,,,,,,,Win,Red,,Domestic
,,,,,,,,,,2024-03-20 11:21:00,,,,,,,,,,,,,,,,,,Win,Red,,Domestic
,,,,,,,,,,2024-03-20 10:35:00,,,,,,,,,,,,,,,,,,Win,Red,,Domestic
,,,,,,,,,,2024-03-15 12:20:00,,,,,,,,,,,,,,,,,,Loss,Red,,Domestic
,,,,,,,,,,2024-03-15 11:26:00,,,,,,,,,,,,,,,,,,Win,Blue,,Domestic
,,,,,,,,,,2024-03-15 10:35:00,,,,,,,,,,,,,,,,,,Loss,Blue,,Domestic
,,,,,,,,,,2024-03-13 12:26:00,,,,,,,,,,,,,,,,,,Win,Red,,Domestic
,,,,,,,,,,2024-03-13 11:27:00,,,,,,,,,,,,,,,,,,Win,Red,,Domestic
,,,,,,,,,,2024-03-09 06:11:00,,,,,,,,,,,,,,,,,,Loss,Blue,,Domestic
,,,,,,,,,,2024-03-09 05:15:00,,,,,,,,,,,,,,,,,,Loss,Blue,,Domestic
,,,,,,,,,,2024-03-07 06:04:00,,,,,,,,,,,,,,,,,,Win,Blue,,Domestic
,,,,,,,,,,2024-03-07 05:15:00,,,,,,,,,,,,,,,,,,Win,Red,,Domestic
,,,,,,,,,,2024-03-02 08:13:00,,,,,,,,,,,,,,,,,,Win,Red,,Domestic
,,,,,,,,,,2024-03-02 07:24:00,,,,,,,,,,,,,,,,,,Win,Blue,,Domestic
,,,,,,,,,,2024-02-28 14:09:00,,,,,,,,,,,,,,,,,,Win,Red,,Domestic
,,,,,,,,,,2024-02-28 10:41:00,,,,,,,,,,,,,,,,,,Win,Blue,,Domestic
,,,,,,,,,,2024-02-24 07:00:00,,,,,,,,,,,,,,,,,,Win,Red,,Domestic
,,,,,,,,,,2024-02-24 06:07:00,,,,,,,,,,,,,,,,,,Win,Blue,,Domestic
,,,,,,,,,,2024-02-21 10:01:00,,,,,,,,,,,,,,,,,,Win,Blue,,Domestic
,,,,,,,,,,2024-02-21 08:58:00,,,,,,,,,,,,,,,,,,Loss,Red,,Domestic
,,,,,,,,,,2024-02-21 08:07:00,,,,,,,,,,,,,,,,,,Win,Blue,,Domestic
,,,,,,,,,,2024-02-18 06:57:00,,,,,,,,,,,,,,,,,,Win,Red,,Domestic
,,,,,,,,,,2024-02-18 06:05:00,,,,,,,,,,,,,,,,,,Win,Red,,Domestic
,,,,,,,,,,2024-02-15 08:56:00,,,,,,,,,,,,,,,,,,Win,Red,,Domestic
,,,,,,,,,,2024-02-15 08:08:00,,,,,,,,,,,,,,,,,,Win,Blue,,Domestic
,,,,,,,,,,2024-02-03 10:26:00,,,,,,,,,,,,,,,,,,Win,Red,,Domestic
,,,,,,,,,,2024-02-03 09:41:00,,,,,,,,,,,,,,,,,,Win,Blue,,Domestic
,,,,,,,,,,2024-02-01 08:56:00,,,,,,,,,,,,,,,,,,Win,Red,,Domestic
,,,,,,,,,,2024-02-01 08:05:00,,,,,,,,,,,,,,,,,,Win,Blue,,Domestic
,,,,,,,,,,2024-01-28 10:40:00,,,,,,,,,,,,,,,,,,Win,Red,,Domestic
,,,,,,,,,,2024-01-28 09:43:00,,,,,,,,,,,,,,,,,,Win,Red,,Domestic
,,,,,,,,,,2024-01-26 09:48:00,,,,,,,,,,,,,,,,,,Win,Red,,Domestic
,,,,,,,,,,2024-01-26 09:05:00,,,,,,,,,,,,,,,,,,Win,Blue,,Domestic
,,,,,,,,,,2024-01-26 08:08:00,,,,,,,,,,,,,,,,,,Loss,Red,,Domestic
,,,,,,,,,,2024-01-19 11:37:00,,,,,,,,,,,,,,,,,,Win,Blue,,Domestic
,,,,,,,,,,2024-01-19 10:50:00,,,,,,,,,,,,,,,,,,Win,Blue,,Domestic
,,,,,,,,,,2024-01-17 12:50:00,,,,,,,,,,,,,,,,,,Loss,Blue,,Domestic
,,,,,,,,,,2024-01-17 11:57:00,,,,,,,,,,,,,,,,,,Loss,Blue,,Domestic
,,,,,,,,,,2024-01-17 11:06:00,,,,,,,,,,,,,,,,,,Win,Red,,Domestic
,,,,,,,,,,2023-12-09 19:05:00,,,,,,,,,,,,,,,,,,Loss,Red,,Domestic
,,,,,,,,,,2023-12-09 17:36:00,,,,,,,,,,,,,,,,,,Win,Red,,Domestic
,,,,,,,,,,2023-12-09 16:16:00,,,,,,,,,,,,,,,,,,Win,Red,,Domestic
,,,,,,,,,,2023-12-09 14:24:00,,,,,,,,,,,,,,,,,,Win,Red,,Domestic
,,,,,,,,,,2023-12-09 13:20:00,,,,,,,,,,,,,,,,,,Win,Red,,Domestic
,,,,,,,,,,2023-11-19 10:44:00,,,,,,,,,,,,,,,,,,Win,Red,,Domestic
,,,,,,,,,,2023-11-19 09:51:00,,,,,,,,,,,,,,,,,,Win,Red,,Domestic
,,,,,,,,,,2023-11-19 08:57:00,,,,,,,,,,,,,,,,,,Win,Red,,Domestic
,,,,,,,,,,2023-11-12 10:49:00,,,,,,,,,,,,,,,,,,Win,Red,,Domestic
,,,,,,,,,,2023-11-12 09:59:00,,,,,,,,,,,,,,,,,,Win,Blue,,Domestic
,,,,,,,,,,2023-11-12 09:01:00,,,,,,,,,,,,,,,,,,Loss,Red,,Domestic
,,,,,,,,,,2023-11-12 08:17:00,,,,,,,,,,,,,,,,,,Win,Blue,,Domestic
,,,,,,,,,,2023-11-05 09:50:00,,,,,,,,,,,,,,,,,,Win,Red,,Domestic
,,,,,,,,,,2023-11-05 08:58:00,,,,,,,,,,,,,,,,,,Win,Red,,Domestic
,,,,,,,,,,2023-11-05 08:12:00,,,,,,,,,,,,,,,,,,Win,Red,,Domestic
,,,,,,,,,,2023-10-28 09:45:00,,,,,,,,,,,,,,,,,,Win,Red,,Domestic
,,,,,,,,,,2023-10-28 08:57:00,,,,,,,,,,,,,,,,,,Win,Blue,,Domestic
,,,,,,,,,,2023-10-22 07:11:00,,,,,,,,,,,,,,,,,,Win,Blue,,Domestic
,,,,,,,,,,2023-10-20 09:21:00,,,,,,,,,,,,,,,,,,Loss,Red,,Domestic
,,,,,,,,,,2023-10-19 05:16:00,,,,,,,,,,,,,,,,,,Win,Blue,,Domestic
,,,,,,,,,,2023-08-20 08:17:00,,,,,,,,,,,,,,,,,,Loss,Red,,Domestic
,,,,,,,,,,2023-08-20 07:20:00,,,,,,,,,,,,,,,,,,Loss,Blue,,Domestic
,,,,,,,,,,2023-08-20 06:25:00,,,,,,,,,,,,,,,,,,Loss,Red,,Domestic
,,,,,,,,,,2023-08-19 10:07:00,,,,,,,,,,,,,,,,,,Win,Blue,,Domestic
,,,,,,,,,,2023-08-19 09:06:00,,,,,,,,,,,,,,,,,,Loss,Blue,,Domestic
,,,,,,,,,,2023-08-19 08:15:00,,,,,,,,,,,,,,,,,,Loss,Red,,Domestic
,,,,,,,,,,2023-08-19 07:21:00,,,,,,,,,,,,,,,,,,Win,Red,,Domestic
,,,,,,,,,,2023-08-19 06:23:00,,,,,,,,,,,,,,,,,,Win,Blue,,Domestic
,,,,,,,,,,2023-08-12 09:30:00,,,,,,,,,,,,,,,,,,Loss,Blue,,Domestic
,,,,,,,,,,2023-08-12 08:35:00,,,,,,,,,,,,,,,,,,Loss,Red,,Domestic
,,,,,,,,,,2023-08-12 07:48:00,,,,,,,,,,,,,,,,,,Win,Red,,Domestic
,,,,,,,,,,2023-08-12 06:56:00,,,,,,,,,,,,,,,,,,Win,Blue,,Domestic
,,,,,,,,,,2023-08-12 06:05:00,,,,,,,,,,,,,,,,,,Loss,Red,,Domestic
,,,,,,,,,,2023-08-10 11:28:00,,,,,,,,,,,,,,,,,,Win,Blue,,Domestic
,,,,,,,,,,2023-08-10 10:34:00,,,,,,,,,,,,,,,,,,Loss,Red,,Domestic
,,,,,,,,,,2023-08-10 09:40:00,,,,,,,,,,,,,,,,,,Win,Red,,Domestic
,,,,,,,,,,2023-08-10 08:52:00,,,,,,,,,,,,,,,,,,Win,Blue,,Domestic
,,,,,,,,,,2023-08-10 08:06:00,,,,,,,,,,,,,,,,,,Loss,Red,,Domestic
,,,,,,,,,,2023-08-09 10:49:00,,,,,,,,,,,,,,,,,,Win,Red,,Domestic
,,,,,,,,,,2023-08-09 09:51:00,,,,,,,,,,,,,,,,,,Win,Blue,,Domestic
,,,,,,,,,,2023-08-09 08:56:00,,,,,,,,,,,,,,,,,,Loss,Red,,Domestic
,,,,,,,,,,2023-08-09 08:05:00,,,,,,,,,,,,,,,,,,Win,Red,,Domestic
,,,,,,,,,,2023-08-04 10:24:00,,,,,,,,,,,,,,,,,,Win,Blue,,Domestic
,,,,,,,,,,2023-08-04 09:00:00,,,,,,,,,,,,,,,,,,Loss,Red,,Domestic
,,,,,,,,,,2023-08-04 08:06:00,,,,,,,,,,,,,,,,,,Win,Blue,,Domestic
,,,,,,,,,,2023-08-02 08:52:00,,,,,,,,,,,,,,,,,,Win,Blue,,Domestic
,,,,,,,,,,2023-08-02 08:06:00,,,,,,,,,,,,,,,,,,Win,Blue,,Domestic
,,,,,,,,,,2023-07-29 06:57:00,,,,,,,,,,,,,,,,,,Loss,Blue,,Domestic
,,,,,,,,,,2023-07-29 06:07:00,,,,,,,,,,,,,,,,,,Loss,Red,,Domestic
,,,,,,,,,,2023-07-27 09:58:00,,,,,,,,,,,,,,,,,,Loss,Blue,,Domestic
,,,,,,,,,,2023-07-27 09:00:00,,,,,,,,,,,,,,,,,,Loss,Blue,,Domestic
,,,,,,,,,,2023-07-27 08:06:00,,,,,,,,,,,,,,,,,,Win,Blue,,Domestic
,,,,,,,,,,2023-07-23 08:01:00,,,,,,,,,,,,,,,,,,Loss,Red,,Domestic
,,,,,,,,,,2023-07-23 07:09:00,,,,,,,,,,,,,,,,,,Win,Blue,,Domestic
,,,,,,,,,,2023-07-23 06:05:00,,,,,,,,,,,,,,,,,,Loss,Blue,,Domestic
,,,,,,,,,,2023-07-21 12:18:00,,,,,,,,,,,,,,,,,,Loss,Blue,,Domestic
,,,,,,,,,,2023-07-21 11:32:00,,,,,,,,,,,,,,,,,,Loss,Red,,Domestic
,,,,,,,,,,2023-07-16 07:11:00,,,,,,,,,,,,,,,,,,Loss,Blue,,Domestic
,,,,,,,,,,2023-07-16 06:06:00,,,,,,,,,,,,,,,,,,Loss,Red,,Domestic
,,,,,,,,,,2023-07-14 09:05:00,,,,,,,,,,,,,,,,,,Win,Blue,,Domestic
,,,,,,,,,,2023-07-14 08:05:00,,,,,,,,,,,,,,,,,,Win,Blue,,Domestic
,,,,,,,,,,2023-07-08 06:53:00,,,,,,,,,,,,,,,,,,Loss,Red,,Domestic
,,,,,,,,,,2023-07-08 06:05:00,,,,,,,,,,,,,,,,,,Loss,Blue,,Domestic
,,,,,,,,,,2023-07-05 11:29:00,,,,,,,,,,,,,,,,,,Loss,Blue,,Domestic
,,,,,,,,,,2023-07-05 10:35:00,,,,,,,,,,,,,,,,,,Loss,Red,,Domestic
,,,,,,,,,,2023-07-02 10:21:00,,,,,,,,,,,,,,,,,,Win,Red,,Domestic
,,,,,,,,,,2023-07-02 09:33:00,,,,,,,,,,,,,,,,,,Win,Blue,,Domestic
,,,,,,,,,,2023-07-02 08:36:00,,,,,,,,,,,,,,,,,,Loss,Blue,,Domestic
,,,,,,,,,,2023-06-30 11:25:00,,,,,,,,,,,,,,,,,,Win,Red,,Domestic
,,,,,,,,,,2023-06-30 10:35:00,,,,,,,,,,,,,,,,,,Win,Blue,,Domestic
,,,,,,,,,,2023-06-24 10:16:00,,,,,,,,,,,,,,,,,,Loss,Blue,,Domestic
,,,,,,,,,,2023-06-24 09:22:00,,,,,,,,,,,,,,,,,,Loss,Blue,,Domestic
,,,,,,,,,,2023-06-21 12:34:00,,,,,,,,,,,,,,,,,,Win,Red,,Domestic
,,,,,,,,,,2023-06-21 11:42:00,,,,,,,,,,,,,,,,,,Win,Red,,Domestic
,,,,,,,,,,2023-06-17 09:54:00,,,,,,,,,,,,,,,,,,Win,Red,,Domestic
,,,,,,,,,,2023-06-17 08:57:00,,,,,,,,,,,,,,,,,,Win,Red,,Domestic
,,,,,,,,,,2023-06-15 09:10:00,,,,,,,,,,,,,,,,,,Win,Red,,Domestic
,,,,,,,,,,2023-06-15 08:07:00,,,,,,,,,,,,,,,,,,Win,Blue,,Domestic
,,,,,,,,,,2023-06-11 11:26:00,,,,,,,,,,,,,,,,,,Loss,Red,,Domestic
,,,,,,,,,,2023-06-11 10:32:00,,,,,,,,,,,,,,,,,,Win,Blue,,Domestic
,,,,,,,,,,2023-06-11 09:43:00,,,,,,,,,,,,,,,,,,Loss,Red,,Domestic
,,,,,,,,,,2023-06-09 13:52:00,,,,,,,,,,,,,,,,,,Win,Blue,,Domestic
,,,,,,,,,,2023-06-09 13:06:00,,,,,,,,,,,,,,,,,,Win,Blue,,Domestic
,,,,,,,,,,2023-06-09 11:58:00,,,,,,,,,,,,,,,,,,Loss,Red,,Domestic
,,,,,,,,,,2023-05-20 13:55:00,,,,,,,,,,,,,,,,,,Loss,Red,,Domestic
,,,,,,,,,,2023-05-20 13:02:00,,,,,,,,,,,,,,,,,,Win,Blue,,Domestic
,,,,,,,,,,2023-05-20 12:13:00,,,,,,,,,,,,,,,,,,Loss,Blue,,Domestic
,,,,,,,,,,2023-05-20 11:08:00,,,,,,,,,,,,,,,,,,Loss,Red,,Domestic
,,,,,,,,,,2023-05-18 15:20:00,,,,,,,,,,,,,,,,,,Loss,Blue,,Domestic
,,,,,,,,,,2023-05-18 14:28:00,,,,,,,,,,,,,,,,,,Loss,Red,,Domestic
,,,,,,,,,,2023-05-18 13:44:00,,,,,,,,,,,,,,,,,,Win,Red,,Domestic
,,,,,,,,,,2023-05-18 12:59:00,,,,,,,,,,,,,,,,,,Win,Blue,,Domestic
,,,,,,,,,,2023-05-18 12:08:00,,,,,,,,,,,,,,,,,,Loss,Red,,Domestic
,,,,,,,,,,2023-05-13 14:37:00,,,,,,,,,,,,,,,,,,Win,Blue,,Domestic
,,,,,,,,,,2023-05-13 13:46:00,,,,,,,,,,,,,,,,,,Loss,Red,,Domestic
,,,,,,,,,,2023-05-13 12:54:00,,,,,,,,,,,,,,,,,,Loss,Blue,,Domestic
,,,,,,,,,,2023-05-13 12:06:00,,,,,,,,,,,,,,,,,,Win,Red,,Domestic
,,,,,,,,,,2023-05-13 11:08:00,,,,,,,,,,,,,,,,,,Win,Red,,Domestic
,,,,,,,,,,2023-05-10 13:52:00,,,,,,,,,,,,,,,,,,Win,Red,,Domestic
,,,,,,,,,,2023-05-10 13:04:00,,,,,,,,,,,,,,,,,,Win,Red,,Domestic
,,,,,,,,,,2023-05-10 12:10:00,,,,,,,,,,,,,,,,,,Win,Red,,Domestic
,,,,,,,,,,2023-04-09 09:27:00,,,,,,,,,,,,,,,,,,Loss,Red,,Domestic
,,,,,,,,,,2023-04-09 08:31:00,,,,,,,,,,,,,,,,,,Win,Blue,,Domestic
,,,,,,,,,,2023-04-09 07:28:00,,,,,,,,,,,,,,,,,,Loss,Blue,,Domestic
,,,,,,,,,,2023-04-09 06:26:00,,,,,,,,,,,,,,,,,,Loss,Blue,,Domestic
,,,,,,,,,,2023-04-01 09:19:00,,,,,,,,,,,,,,,,,,Win,Blue,,Domestic
,,,,,,,,,,2023-04-01 08:12:00,,,,,,,,,,,,,,,,,,Loss,Red,,Domestic
,,,,,,,,,,2023-04-01 07:09:00,,,,,,,,,,,,,,,,,,Win,Red,,Domestic
,,,,,,,,,,2023-04-01 06:09:00,,,,,,,,,,,,,,,,,,Win,Blue,,Domestic
,,,,,,,,,,2023-03-25 09:57:00,,,,,,,,,,,,,,,,,,Win,Blue,,Domestic
,,,,,,,,,,2023-03-25 08:57:00,,,,,,,,,,,,,,,,,,Loss,Red,,Domestic
,,,,,,,,,,2023-03-25 08:04:00,,,,,,,,,,,,,,,,,,Win,Blue,,Domestic
,,,,,,,,,,2023-03-25 07:04:00,,,,,,,,,,,,,,,,,,Loss,Red,,Domestic
,,,,,,,,,,2023-03-25 06:09:00,,,,,,,,,,,,,,,,,,Win,Blue,,Domestic
,,,,,,,,,,2023-03-19 06:52:00,,,,,,,,,,,,,,,,,,Win,Red,,Domestic
,,,,,,,,,,2023-03-19 06:07:00,,,,,,,,,,,,,,,,,,Win,Blue,,Domestic
,,,,,,,,,,2023-03-16 08:58:00,,,,,,,,,,,,,,,,,,Win,Red,,Domestic
,,,,,,,,,,2023-03-16 08:08:00,,,,,,,,,,,,,,,,,,Win,Red,,Domestic
,,,,,,,,,,2023-03-11 11:38:00,,,,,,,,,,,,,,,,,,Win,Blue,,Domestic
,,,,,,,,,,2023-03-11 10:40:00,,,,,,,,,,,,,,,,,,Win,Blue,,Domestic
,,,,,,,,,,2023-03-11 09:37:00,,,,,,,,,,,,,,,,,,Loss,Blue,,Domestic
,,,,,,,,,,2023-03-09 11:24:00,,,,,,,,,,,,,,,,,,Win,Red,,Domestic
,,,,,,,,,,2023-03-09 10:37:00,,,,,,,,,,,,,,,,,,Win,Blue,,Domestic
,,,,,,,,,,2023-03-03 12:37:00,,,,,,,,,,,,,,,,,,Win,Blue,,Domestic
,,,,,,,,,,2023-03-03 11:53:00,,,,,,,,,,,,,,,,,,Win,Red,,Domestic
,,,,,,,,,,2023-03-01 08:52:00,,,,,,,,,,,,,,,,,,Win,Red,,Domestic
,,,,,,,,,,2023-03-01 08:06:00,,,,,,,,,,,,,,,,,,Win,Red,,Domestic
,,,,,,,,,,2023-02-25 06:51:00,,,,,,,,,,,,,,,,,,Win,Blue,,Domestic
,,,,,,,,,,2023-02-25 06:05:00,,,,,,,,,,,,,,,,,,Win,Blue,,Domestic
,,,,,,,,,,2023-02-23 12:34:00,,,,,,,,,,,,,,,,,,Win,Red,,Domestic
,,,,,,,,,,2023-02-23 11:40:00,,,,,,,,,,,,,,,,,,Win,Blue,,Domestic
,,,,,,,,,,2023-02-19 07:56:00,,,,,,,,,,,,,,,,,,Win,Red,,Domestic
,,,,,,,,,,2023-02-19 07:06:00,,,,,,,,,,,,,,,,,,Win,Blue,,Domestic
,,,,,,,,,,2023-02-19 06:06:00,,,,,,,,,,,,,,,,,,Loss,Blue,,Domestic
,,,,,,,,,,2023-02-17 09:45:00,,,,,,,,,,,,,,,,,,Win,Red,,Domestic
,,,,,,,,,,2023-02-17 08:58:00,,,,,,,,,,,,,,,,,,Win,Blue,,Domestic
,,,,,,,,,,2023-02-17 08:07:00,,,,,,,,,,,,,,,,,,Loss,Red,,Domestic
,,,,,,,,,,2023-02-12 09:44:00,,,,,,,,,,,,,,,,,,Win,Red,,Domestic
,,,,,,,,,,2023-02-12 08:46:00,,,,,,,,,,,,,,,,,,Win,Blue,,Domestic
,,,,,,,,,,2023-02-08 12:32:00,,,,,,,,,,,,,,,,,,Win,Red,,Domestic
,,,,,,,,,,2023-02-08 11:36:00,,,,,,,,,,,,,,,,,,Win,Blue,,Domestic
,,,,,,,,,,2023-02-04 11:28:00,,,,,,,,,,,,,,,,,,Win,Blue,,Domestic
,,,,,,,,,,2023-02-04 10:32:00,,,,,,,,,,,,,,,,,,Loss,Red,,Domestic
,,,,,,,,,,2023-02-04 09:39:00,,,,,,,,,,,,,,,,,,Win,Blue,,Domestic
,,,,,,,,,,2023-02-02 13:32:00,,,,,,,,,,,,,,,,,,Loss,Red,,Domestic
,,,,,,,,,,2023-02-02 12:29:00,,,,,,,,,,,,,,,,,,Loss,Blue,,Domestic
,,,,,,,,,,2023-02-02 11:23:00,,,,,,,,,,,,,,,,,,Win,Red,,Domestic
,,,,,,,,,,2023-01-28 08:03:00,,,,,,,,,,,,,,,,,,Win,Red,,Domestic
,,,,,,,,,,2023-01-28 07:05:00,,,,,,,,,,,,,,,,,,Win,Blue,,Domestic
,,,,,,,,,,2023-01-28 06:07:00,,,,,,,,,,,,,,,,,,Loss,Blue,,Domestic
,,,,,,,,,,2023-01-26 11:28:00,,,,,,,,,,,,,,,,,,Win,Red,,Domestic
,,,,,,,,,,2023-01-26 10:36:00,,,,,,,,,,,,,,,,,,Win,Blue,,Domestic
,,,,,,,,,,2023-01-20 09:55:00,,,,,,,,,,,,,,,,,,Win,Blue,,Domestic
,,,,,,,,,,2023-01-20 09:00:00,,,,,,,,,,,,,,,,,,Win,Blue,,Domestic
,,,,,,,,,,2023-01-20 08:12:00,,,,,,,,,,,,,,,,,,Loss,Blue,,Domestic
,,,,,,,,,,2023-01-18 11:59:00,,,,,,,,,,,,,,,,,,Win,Blue,,Domestic
,,,,,,,,,,2023-01-18 11:00:00,,,,,,,,,,,,,,,,,,Win,Blue,,Domestic
,,,,,,,,,,2022-11-06 04:42:00,,,,,,,,,,,,,,,,,,Loss,Blue,,Domestic
,,,,,,,,,,2022-11-06 03:51:00,,,,,,,,,,,,,,,,,,Loss,Red,,Domestic
,,,,,,,,,,2022-11-06 02:56:00,,,,,,,,,,,,,,,,,,Win,Blue,,Domestic
,,,,,,,,,,2022-11-06 01:50:00,,,,,,,,,,,,,,,,,,Loss,Red,,Domestic
,,,,,,,,,,2022-11-06 00:57:00,,,,,,,,,,,,,,,,,,Win,Blue,,Domestic
,,,,,,,,,,2022-10-30 00:10:00,,,,,,,,,,,,,,,,,,Win,Red,,Domestic
,,,,,,,,,,2022-10-29 23:18:00,,,,,,,,,,,,,,,,,,Win,Red,,Domestic
,,,,,,,,,,2022-10-29 22:20:00,,,,,,,,,,,,,,,,,,Win,Blue,,Domestic
,,,,,,,,,,2022-10-29 21:18:00,,,,,,,,,,,,,,,,,,Loss,Blue,,Domestic
,,,,,,,,,,2022-10-21 23:18:00,,,,,,,,,,,,,,,,,,Win,Red,,Domestic
,,,,,,,,,,2022-10-21 22:14:00,,,,,,,,,,,,,,,,,,Win,Red,,Domestic
,,,,,,,,,,2022-10-21 21:13:00,,,,,,,,,,,,,,,,,,Win,Blue,,Domestic
,,,,,,,,,,2022-10-13 23:44:00,,,,,,,,,,,,,,,,,,Win,Red,,Domestic
,,,,,,,,,,2022-10-13 22:54:00,,,,,,,,,,,,,,,,,,Win,Blue,,Domestic
,,,,,,,,,,2022-10-13 20:05:00,,,,,,,,,,,,,,,,,,Win,Blue,,Domestic
,,,,,,,,,,2022-10-10 00:20:00,,,,,,,,,,,,,,,,,,Win,Red,,Domestic
,,,,,,,,,,2022-10-08 23:36:00,,,,,,,,,,,,,,,,,,Loss,Red,,Domestic
,,,,,,,,,,2022-10-08 01:41:00,,,,,,,,,,,,,,,,,,Win,Blue,,Domestic
,,,,,,,,,,2022-08-28 08:42:00,,,,,,,,,,,,,,,,,,Loss,Red,,Domestic
,,,,,,,,,,2022-08-28 07:51:00,,,,,,,,,,,,,,,,,,Loss,Blue,,Domestic
,,,,,,,,,,2022-08-28 06:47:00,,,,,,,,,,,,,,,,,,Loss,Blue,,Domestic
,,,,,,,,,,2022-08-21 11:40:00,,,,,,,,,,,,,,,,,,Win,Blue,,Domestic
,,,,,,,,,,2022-08-21 10:44:00,,,,,,,,,,,,,,,,,,Loss,Blue,,Domestic
,,,,,,,,,,2022-08-21 09:44:00,,,,,,,,,,,,,,,,,,Loss,Red,,Domestic
,,,,,,,,,,2022-08-21 08:55:00,,,,,,,,,,,,,,,,,,Win,Red,,Domestic
,,,,,,,,,,2022-08-21 08:07:00,,,,,,,,,,,,,,,,,,Win,Blue,,Domestic
,,,,,,,,,,2022-08-13 13:12:00,,,,,,,,,,,,,,,,,,Win,Red,,Domestic
,,,,,,,,,,2022-08-13 12:13:00,,,,,,,,,,,,,,,,,,Win,Blue,,Domestic
,,,,,,,,,,2022-08-10 12:18:00,,,,,,,,,,,,,,,,,,Loss,Blue,,Domestic
,,,,,,,,,,2022-08-10 11:18:00,,,,,,,,,,,,,,,,,,Loss,Red,,Domestic
,,,,,,,,,,2022-08-07 09:58:00,,,,,,,,,,,,,,,,,,Win,Blue,,Domestic
,,,,,,,,,,2022-08-07 09:00:00,,,,,,,,,,,,,,,,,,Loss,Red,,Domestic
,,,,,,,,,,2022-08-07 08:08:00,,,,,,,,,,,,,,,,,,Win,Red,,Domestic
,,,,,,,,,,2022-08-04 12:35:00,,,,,,,,,,,,,,,,,,Win,Red,,Domestic
,,,,,,,,,,2022-08-04 11:37:00,,,,,,,,,,,,,,,,,,Win,Blue,,Domestic
,,,,,,,,,,2022-07-30 12:49:00,,,,,,,,,,,,,,,,,,Loss,Blue,,Domestic
,,,,,,,,,,2022-07-30 11:49:00,,,,,,,,,,,,,,,,,,Loss,Blue,,Domestic
,,,,,,,,,,2022-07-27 09:58:00,,,,,,,,,,,,,,,,,,Win,Blue,,Domestic
,,,,,,,,,,2022-07-27 09:02:00,,,,,,,,,,,,,,,,,,Loss,Red,,Domestic
,,,,,,,,,,2022-07-27 08:08:00,,,,,,,,,,,,,,,,,,Win,Blue,,Domestic
,,,,,,,,,,2022-07-23 10:06:00,,,,,,,,,,,,,,,,,,Win,Red,,Domestic
,,,,,,,,,,2022-07-23 09:01:00,,,,,,,,,,,,,,,,,,Win,Blue,,Domestic
,,,,,,,,,,2022-07-23 08:06:00,,,,,,,,,,,,,,,,,,Loss,Red,,Domestic
,,,,,,,,,,2022-07-21 09:57:00,,,,,,,,,,,,,,,,,,Win,Blue,,Domestic
,,,,,,,,,,2022-07-21 09:02:00,,,,,,,,,,,,,,,,,,Win,Blue,,Domestic
,,,,,,,,,,2022-07-21 08:07:00,,,,,,,,,,,,,,,,,,Loss,Blue,,Domestic
,,,,,,,,,,2022-07-16 12:01:00,,,,,,,,,,,,,,,,,,Win,Red,,Domestic
,,,,,,,,,,2022-07-16 11:09:00,,,,,,,,,,,,,,,,,,Win,Red,,Domestic
,,,,,,,,,,2022-07-13 10:52:00,,,,,,,,,,,,,,,,,,Win,Blue,,Domestic
,,,,,,,,,,2022-07-13 09:07:00,,,,,,,,,,,,,,,,,,Loss,Red,,Domestic
,,,,,,,,,,2022-07-13 08:13:00,,,,,,,,,,,,,,,,,,Win,Red,,Domestic
,,,,,,,,,,2022-07-10 11:58:00,,,,,,,,,,,,,,,,,,Win,Red,,Domestic
,,,,,,,,,,2022-07-10 11:06:00,,,,,,,,,,,,,,,,,,Win,Blue,,Domestic
,,,,,,,,,,2022-07-08 09:56:00,,,,,,,,,,,,,,,,,,Win,Red,,Domestic
,,,,,,,,,,2022-07-08 09:04:00,,,,,,,,,,,,,,,,,,Win,Blue,,Domestic
,,,,,,,,,,2022-07-08 08:08:00,,,,,,,,,,,,,,,,,,Loss,Red,,Domestic
,,,,,,,,,,2022-07-01 12:09:00,,,,,,,,,,,,,,,,,,Win,Blue,,Domestic
,,,,,,,,,,2022-07-01 11:08:00,,,,,,,,,,,,,,,,,,Win,Blue,,Domestic
,,,,,,,,,,2022-06-29 13:38:00,,,,,,,,,,,,,,,,,,Loss,Blue,,Domestic
,,,,,,,,,,2022-06-29 12:44:00,,,,,,,,,,,,,,,,,,Loss,Blue,,Domestic
,,,,,,,,,,2022-06-29 11:53:00,,,,,,,,,,,,,,,,,,Win,Blue,,Domestic
,,,,,,,,,,2022-06-25 09:10:00,,,,,,,,,,,,,,,,,,Win,Red,,Domestic
,,,,,,,,,,2022-06-25 08:15:00,,,,,,,,,,,,,,,,,,Win,Red,,Domestic
,,,,,,,,,,2022-06-23 12:25:00,,,,,,,,,,,,,,,,,,Win,Red,,Domestic
,,,,,,,,,,2022-06-23 11:14:00,,,,,,,,,,,,,,,,,,Win,Blue,,Domestic
,,,,,,,,,,2022-06-19 10:17:00,,,,,,,,,,,,,,,,,,Win,Red,,Domestic
,,,,,,,,,,2022-06-19 09:13:00,,,,,,,,,,,,,,,,,,Win,Blue,,Domestic
,,,,,,,,,,2022-06-19 08:15:00,,,,,,,,,,,,,,,,,,Loss,Red,,Domestic
,,,,,,,,,,2022-06-17 12:24:00,,,,,,,,,,,,,,,,,,Win,Red,,Domestic
,,,,,,,,,,2022-06-17 11:17:00,,,,,,,,,,,,,,,,,,Win,Blue,,Domestic
,,,,,,,,,,2022-05-29 12:00:00,,,,,,,,,,,,,,,,,,Loss,Red,,Domestic
,,,,,,,,,,2022-05-29 11:07:00,,,,,,,,,,,,,,,,,,Win,Blue,,Domestic
,,,,,,,,,,2022-05-29 10:17:00,,,,,,,,,,,,,,,,,,Loss,Red,,Domestic
,,,,,,,,,,2022-05-29 09:23:00,,,,,,,,,,,,,,,,,,Win,Blue,,Domestic
,,,,,,,,,,2022-05-29 08:21:00,,,,,,,,,,,,,,,,,,Loss,Red,,Domestic
,,,,,,,,,,2022-05-28 09:59:00,,,,,,,,,,,,,,,,,,Win,Red,,Domestic
,,,,,,,,,,2022-05-28 09:04:00,,,,,,,,,,,,,,,,,,Win,Red,,Domestic
,,,,,,,,,,2022-05-28 08:17:00,,,,,,,,,,,,,,,,,,Win,Blue,,Domestic
,,,,,,,,,,2022-05-24 10:37:00,,,,,,,,,,,,,,,,,,Win,Blue,,Domestic
,,,,,,,,,,2022-05-24 07:55:00,,,,,,,,,,,,,,,,,,Win,Red,,Domestic
,,,,,,,,,,2022-05-23 11:09:00,,,,,,,,,,,,,,,,,,Win,Red,,Domestic
,,,,,,,,,,2022-05-23 09:11:00,,,,,,,,,,,,,,,,,,Loss,Blue,,Domestic
,,,,,,,,,,2022-05-22 11:01:00,,,,,,,,,,,,,,,,,,Win,Blue,,Domestic
,,,,,,,,,,2022-05-22 08:13:00,,,,,,,,,,,,,,,,,,Win,Red,,Domestic
,,,,,,,,,,2022-05-21 12:07:00,,,,,,,,,,,,,,,,,,Loss,Red,,Domestic
,,,,,,,,,,2022-05-21 10:14:00,,,,,,,,,,,,,,,,,,Win,Blue,,Domestic
,,,,,,,,,,2022-05-20 13:19:00,,,,,,,,,,,,,,,,,,Win,Red,,Domestic
,,,,,,,,,,2022-05-20 08:09:00,,,,,,,,,,,,,,,,,,Loss,Blue,,Domestic
,,,,,,,,,,2022-05-15 10:36:00,,,,,,,,,,,,,,,,,,Win,Red,,Domestic
,,,,,,,,,,2022-05-15 08:49:00,,,,,,,,,,,,,,,,,,Win,Blue,,Domestic
,,,,,,,,,,2022-05-15 07:00:00,,,,,,,,,,,,,,,,,,Win,Red,,Domestic
,,,,,,,,,,2022-05-12 12:38:00,,,,,,,,,,,,,,,,,,Win,Blue,,Domestic
,,,,,,,,,,2022-05-11 11:32:00,,,,,,,,,,,,,,,,,,Win,Red,,Domestic
,,,,,,,,,,2022-05-10 08:12:00,,,,,,,,,,,,,,,,,,Win,Blue,,Domestic
,,,,,,,,,,2022-04-02 11:56:00,,,,,,,,,,,,,,,,,,Win,Red,,Domestic
,,,,,,,,,,2022-04-02 10:51:00,,,,,,,,,,,,,,,,,,Win,Blue,,Domestic
,,,,,,,,,,2022-04-02 09:43:00,,,,,,,,,,,,,,,,,,Loss,Red,,Domestic
,,,,,,,,,,2022-04-02 08:39:00,,,,,,,,,,,,,,,,,,Win,Red,,Domestic
,,,,,,,,,,2022-03-26 09:45:00,,,,,,,,,,,,,,,,,,Win,Red,,Domestic
,,,,,,,,,,2022-03-26 09:00:00,,,,,,,,,,,,,,,,,,Win,Red,,Domestic
,,,,,,,,,,2022-03-26 08:09:00,,,,,,,,,,,,,,,,,,Win,Blue,,Domestic
,,,,,,,,,,2022-03-20 10:03:00,,,,,,,,,,,,,,,,,,Win,Red,,Domestic
,,,,,,,,,,2022-03-20 09:08:00,,,,,,,,,,,,,,,,,,Win,Blue,,Domestic
,,,,,,,,,,2022-03-18 10:04:00,,,,,,,,,,,,,,,,,,Win,Blue,,Domestic
,,,,,,,,,,2022-03-18 09:18:00,,,,,,,,,,,,,,,,,,Win,Red,,Domestic
,,,,,,,,,,2022-03-18 08:08:00,,,,,,,,,,,,,,,,,,Loss,Blue,,Domestic
,,,,,,,,,,2022-03-13 08:50:00,,,,,,,,,,,,,,,,,,Win,Red,,Domestic
,,,,,,,,,,2022-03-13 08:07:00,,,,,,,,,,,,,,,,,,Win,Blue,,Domestic
,,,,,,,,,,2022-03-11 10:07:00,,,,,,,,,,,,,,,,,,Win,Red,,Domestic
,,,,,,,,,,2022-03-11 09:12:00,,,,,,,,,,,,,,,,,,Loss,Red,,Domestic
,,,,,,,,,,2022-03-11 08:09:00,,,,,,,,,,,,,,,,,,Win,Red,,Domestic
,,,,,,,,,,2022-03-06 12:11:00,,,,,,,,,,,,,,,,,,Win,Red,,Domestic
,,,,,,,,,,2022-03-06 11:08:00,,,,,,,,,,,,,,,,,,Win,Blue,,Domestic
,,,,,,,,,,2022-03-03 09:05:00,,,,,,,,,,,,,,,,,,Win,Red,,Domestic
,,,,,,,,,,2022-03-03 08:07:00,,,,,,,,,,,,,,,,,,Win,Red,,Domestic
,,,,,,,,,,2022-02-26 12:05:00,,,,,,,,,,,,,,,,,,Win,Red,,Domestic
,,,,,,,,,,2022-02-26 11:07:00,,,,,,,,,,,,,,,,,,Win,Red,,Domestic
,,,,,,,,,,2022-02-23 12:14:00,,,,,,,,,,,,,,,,,,Win,Red,,Domestic
,,,,,,,,,,2022-02-23 11:11:00,,,,,,,,,,,,,,,,,,Win,Blue,,Domestic
,,,,,,,,,,2022-02-20 14:02:00,,,,,,,,,,,,,,,,,,Win,Blue,,Domestic
,,,,,,,,,,2022-02-20 12:54:00,,,,,,,,,,,,,,,,,,Loss,Red,,Domestic
,,,,,,,,,,2022-02-20 11:49:00,,,,,,,,,,,,,,,,,,Win,Red,,Domestic
,,,,,,,,,,2022-02-18 09:16:00,,,,,,,,,,,,,,,,,,Win,Red,,Domestic
,,,,,,,,,,2022-02-18 08:10:00,,,,,,,,,,,,,,,,,,Win,Red,,Domestic
,,,,,,,,,,2022-02-12 09:17:00,,,,,,,,,,,,,,,,,,Win,Blue,,Domestic
,,,,,,,,,,2022-02-12 08:07:00,,,,,,,,,,,,,,,,,,Win,Blue,,Domestic
,,,,,,,,,,2022-02-09 09:53:00,,,,,,,,,,,,,,,,,,Win,Red,,Domestic
,,,,,,,,,,2022-02-09 09:03:00,,,,,,,,,,,,,,,,,,Win,Blue,,Domestic
,,,,,,,,,,2022-02-09 08:07:00,,,,,,,,,,,,,,,,,,Loss,Blue,,Domestic
,,,,,,,,,,2022-01-30 10:32:00,,,,,,,,,,,,,,,,,,Win,Red,,Domestic
,,,,,,,,,,2022-01-30 09:36:00,,,,,,,,,,,,,,,,,,Win,Blue,,Domestic
,,,,,,,,,,2022-01-30 08:09:00,,,,,,,,,,,,,,,,,,Loss,Red,,Domestic
,,,,,,,,,,2022-01-27 13:53:00,,,,,,,,,,,,,,,,,,Win,Blue,,Domestic
,,,,,,,,,,2022-01-27 12:58:00,,,,,,,,,,,,,,,,,,Loss,Red,,Domestic
,,,,,,,,,,2022-01-27 11:43:00,,,,,,,,,,,,,,,,,,Win,Blue,,Domestic
,,,,,,,,,,2022-01-23 09:03:00,,,,,,,,,,,,,,,,,,Win,Red,,Domestic
,,,,,,,,,,2022-01-23 08:07:00,,,,,,,,,,,,,,,,,,Win,Red,,Domestic
,,,,,,,,,,2022-01-20 08:59:00,,,,,,,,,,,,,,,,,,Win,Blue,,Domestic
,,,,,,,,,,2022-01-20 08:07:00,,,,,,,,,,,,,,,,,,Win,Red,,Domestic
,,,,,,,,,,2022-01-14 13:24:00,,,,,,,,,,,,,,,,,,Win,Red,,Domestic
,,,,,,,,,,2022-01-14 12:14:00,,,,,,,,,,,,,,,,,,Win,Blue,,Domestic
,,,,,,,,,,2022-01-14 11:07:00,,,,,,,,,,,,,,,,,,Loss,Red,,Domestic
,,,,,,,,,,2022-01-12 12:14:00,,,,,,,,,,,,,,,,,,Win,Red,,Domestic
,,,,,,,,,,2022-01-12 11:12:00,,,,,,,,,,,,,,,,,,Win,Blue,,Domestic
,,,,,,,,,,2021-10-30 15:43:00,,,,,,,,,,,,,,,,,,Loss,Blue,,Domestic
,,,,,,,,,,2021-10-30 14:47:00,,,,,,,,,,,,,,,,,,Loss,Red,,Domestic
,,,,,,,,,,2021-10-30 13:45:00,,,,,,,,,,,,,,,,,,Win,Red,,Domestic
,,,,,,,,,,2021-10-30 12:42:00,,,,,,,,,,,,,,,,,,Win,Blue,,Domestic
,,,,,,,,,,2021-10-30 11:26:00,,,,,,,,,,,,,,,,,,Loss,Red,,Domestic
,,,,,,,,,,2021-10-22 13:57:00,,,,,,,,,,,,,,,,,,Win,Red,,Domestic
,,,,,,,,,,2021-10-22 13:04:00,,,,,,,,,,,,,,,,,,Win,Red,,Domestic
,,,,,,,,,,2021-10-22 11:32:00,,,,,,,,,,,,,,,,,,Win,Blue,,Domestic
,,,,,,,,,,2021-10-16 14:46:00,,,,,,,,,,,,,,,,,,Win,Red,,Domestic
,,,,,,,,,,2021-10-16 12:36:00,,,,,,,,,,,,,,,,,,Win,Red,,Domestic
,,,,,,,,,,2021-10-16 11:38:00,,,,,,,,,,,,,,,,,,Win,Blue,,Domestic
,,,,,,,,,,2021-10-13 17:57:00,,,,,,,,,,,,,,,,,,Win,Red,,Domestic
,,,,,,,,,,2021-10-12 10:29:00,,,,,,,,,,,,,,,,,,Loss,Blue,,Domestic
,,,,,,,,,,2021-10-11 14:40:00,,,,,,,,,,,,,,,,,,Win,Blue,,Domestic
,,,,,,,,,,2021-09-02 11:26:00,,,,,,,,,,,,,,,,,,Win,Red,,Domestic
,,,,,,,,,,2021-09-02 10:30:00,,,,,,,,,,,,,,,,,,Loss,Blue,,Domestic
,,,,,,,,,,2021-09-02 09:35:00,,,,,,,,,,,,,,,,,,Loss,Blue,,Domestic
,,,,,,,,,,2021-09-02 08:41:00,,,,,,,,,,,,,,,,,,Win,Blue,,Domestic
,,,,,,,,,,2021-09-02 07:52:00,,,,,,,,,,,,,,,,,,Win,Blue,,Domestic
,,,,,,,,,,2021-08-28 11:09:00,,,,,,,,,,,,,,,,,,Loss,Blue,,Domestic
,,,,,,,,,,2021-08-28 10:19:00,,,,,,,,,,,,,,,,,,Win,Blue,,Domestic
,,,,,,,,,,2021-08-28 09:45:00,,,,,,,,,,,,,,,,,,Loss,Red,,Domestic
,,,,,,,,,,2021-08-28 08:31:00,,,,,,,,,,,,,,,,,,Loss,Red,,Domestic
,,,,,,,,,,2021-08-22 11:01:00,,,,,,,,,,,,,,,,,,Win,Red,,Domestic
,,,,,,,,,,2021-08-22 09:48:00,,,,,,,,,,,,,,,,,,Win,Blue,,Domestic
,,,,,,,,,,2021-08-22 08:48:00,,,,,,,,,,,,,,,,,,Win,Blue,,Domestic
,,,,,,,,,,2021-08-22 08:08:00,,,,,,,,,,,,,,,,,,Loss,Red,,Domestic
,,,,,,,,,,2021-08-19 09:55:00,,,,,,,,,,,,,,,,,,Win,Red,,Domestic
,,,,,,,,,,2021-08-19 08:41:00,,,,,,,,,,,,,,,,,,Win,Red,,Domestic
,,,,,,,,,,2021-08-19 06:20:00,,,,,,,,,,,,,,,,,,Win,Blue,,Domestic
,,,,,,,,,,2021-08-15 08:44:00,,,,,,,,,,,,,,,,,,Loss,Blue,,Domestic
,,,,,,,,,,2021-08-15 06:54:00,,,,,,,,,,,,,,,,,,Loss,Red,,Domestic
,,,,,,,,,,2021-08-08 11:37:00,,,,,,,,,,,,,,,,,,Win,Red,,Domestic
,,,,,,,,,,2021-08-08 11:00:00,,,,,,,,,,,,,,,,,,Win,Blue,,Domestic
,,,,,,,,,,2021-08-06 13:20:00,,,,,,,,,,,,,,,,,,Win,Blue,,Domestic
,,,,,,,,,,2021-08-06 12:25:00,,,,,,,,,,,,,,,,,,Loss,Red,,Domestic
,,,,,,,,,,2021-08-06 10:45:00,,,,,,,,,,,,,,,,,,Win,Blue,,Domestic
,,,,,,,,,,2021-07-31 09:28:00,,,,,,,,,,,,,,,,,,Win,Blue,,Domestic
,,,,,,,,,,2021-07-31 08:33:00,,,,,,,,,,,,,,,,,,Loss,Red,,Domestic
,,,,,,,,,,2021-07-31 06:02:00,,,,,,,,,,,,,,,,,,Win,Red,,Domestic
,,,,,,,,,,2021-07-24 11:47:00,,,,,,,,,,,,,,,,,,Loss,Blue,,Domestic
,,,,,,,,,,2021-07-24 10:53:00,,,,,,,,,,,,,,,,,,Win,Blue,,Domestic
,,,,,,,,,,2021-07-24 09:18:00,,,,,,,,,,,,,,,,,,Loss,Blue,,Domestic
,,,,,,,,,,2021-07-22 13:31:00,,,,,,,,,,,,,,,,,,Win,Blue,,Domestic
,,,,,,,,,,2021-07-22 12:20:00,,,,,,,,,,,,,,,,,,Loss,Red,,Domestic
,,,,,,,,,,2021-07-22 10:43:00,,,,,,,,,,,,,,,,,,Win,Blue,,Domestic
,,,,,,,,,,2021-07-17 13:21:00,,,,,,,,,,,,,,,,,,Win,Blue,,Domestic
,,,,,,,,,,2021-07-17 12:11:00,,,,,,,,,,,,,,,,,,Win,Blue,,Domestic
,,,,,,,,,,2021-07-17 10:36:00,,,,,,,,,,,,,,,,,,Loss,Blue,,Domestic
,,,,,,,,,,2021-07-15 08:44:00,,,,,,,,,,,,,,,,,,Win,Red,,Domestic
,,,,,,,,,,2021-07-15 05:15:00,,,,,,,,,,,,,,,,,,Win,Red,,Domestic
,,,,,,,,,,2021-07-11 11:40:00,,,,,,,,,,,,,,,,,,Loss,Blue,,Domestic
,,,,,,,,,,2021-07-11 09:34:00,,,,,,,,,,,,,,,,,,Loss,Red,,Domestic
,,,,,,,,,,2021-07-09 08:41:00,,,,,,,,,,,,,,,,,,Win,Blue,,Domestic
,,,,,,,,,,2021-07-09 06:15:00,,,,,,,,,,,,,,,,,,Win,Blue,,Domestic
,,,,,,,,,,2021-07-03 10:12:00,,,,,,,,,,,,,,,,,,Loss,Blue,,Domestic
,,,,,,,,,,2021-07-03 09:04:00,,,,,,,,,,,,,,,,,,Loss,Red,,Domestic
,,,,,,,,,,2021-07-03 06:24:00,,,,,,,,,,,,,,,,,,Win,Blue,,Domestic
,,,,,,,,,,2021-06-30 09:50:00,,,,,,,,,,,,,,,,,,Win,Red,,Domestic
,,,,,,,,,,2021-06-30 08:47:00,,,,,,,,,,,,,,,,,,Loss,Red,,Domestic
,,,,,,,,,,2021-06-30 05:57:00,,,,,,,,,,,,,,,,,,Win,Blue,,Domestic
,,,,,,,,,,2021-06-27 08:43:00,,,,,,,,,,,,,,,,,,Win,Red,,Domestic
,,,,,,,,,,2021-06-27 05:56:00,,,,,,,,,,,,,,,,,,Win,Red,,Domestic
,,,,,,,,,,2021-06-24 12:50:00,,,,,,,,,,,,,,,,,,Loss,Blue,,Domestic
,,,,,,,,,,2021-06-24 10:40:00,,,,,,,,,,,,,,,,,,Loss,Blue,,Domestic
,,,,,,,,,,2021-06-20 08:48:00,,,,,,,,,,,,,,,,,,Loss,Blue,,Domestic
,,,,,,,,,,2021-06-20 05:51:00,,,,,,,,,,,,,,,,,,Loss,Red,,Domestic
,,,,,,,,,,2021-06-17 09:07:00,,,,,,,,,,,,,,,,,,Win,Red,,Domestic
,,,,,,,,,,2021-06-17 06:32:00,,,,,,,,,,,,,,,,,,Win,Blue,,Domestic
,,,,,,,,,,2021-06-11 13:24:00,,,,,,,,,,,,,,,,,,Loss,Red,,Domestic
,,,,,,,,,,2021-06-11 12:27:00,,,,,,,,,,,,,,,,,,Win,Blue,,Domestic
,,,,,,,,,,2021-06-11 10:48:00,,,,,,,,,,,,,,,,,,Loss,Red,,Domestic
,,,,,,,,,,2021-06-09 11:40:00,,,,,,,,,,,,,,,,,,Win,Red,,Domestic
,,,,,,,,,,2021-06-09 10:13:00,,,,,,,,,,,,,,,,,,Win,Blue,,Domestic
,,,,,,,,,,2021-04-04 09:58:00,,,,,,,,,,,,,,,,,,Loss,Blue,,Domestic
,,,,,,,,,,2021-04-04 09:00:00,,,,,,,,,,,,,,,,,,Loss,Red,,Domestic
,,,,,,,,,,2021-04-04 05:24:00,,,,,,,,,,,,,,,,,,Loss,Blue,,Domestic
,,,,,,,,,,2021-04-01 10:58:00,,,,,,,,,,,,,,,,,,Win,Red,,Domestic
,,,,,,,,,,2021-04-01 10:02:00,,,,,,,,,,,,,,,,,,Win,Blue,,Domestic
,,,,,,,,,,2021-04-01 08:54:00,,,,,,,,,,,,,,,,,,Loss,Red,,Domestic
,,,,,,,,,,2021-04-01 06:46:00,,,,,,,,,,,,,,,,,,Win,Blue,,Domestic
,,,,,,,,,,2021-03-28 08:31:00,,,,,,,,,,,,,,,,,,Win,Blue,,Domestic
,,,,,,,,,,2021-03-28 05:18:00,,,,,,,,,,,,,,,,,,Win,Red,,Domestic
,,,,,,,,,,2021-03-21 12:21:00,,,,,,,,,,,,,,,,,,Win,Blue,,Domestic
,,,,,,,,,,2021-03-21 11:19:00,,,,,,,,,,,,,,,,,,Loss,Red,,Domestic
,,,,,,,,,,2021-03-21 09:36:00,,,,,,,,,,,,,,,,,,Win,Blue,,Domestic
,,,,,,,,,,2021-03-19 11:33:00,,,,,,,,,,,,,,,,,,Win,Red,,Domestic
,,,,,,,,,,2021-03-19 09:45:00,,,,,,,,,,,,,,,,,,Win,Blue,,Domestic
,,,,,,,,,,2021-03-13 08:40:00,,,,,,,,,,,,,,,,,,Win,Blue,,Domestic
,,,,,,,,,,2021-03-13 06:19:00,,,,,,,,,,,,,,,,,,Win,Red,,Domestic
,,,,,,,,,,2021-03-06 11:24:00,,,,,,,,,,,,,,,,,,Win,Red,,Domestic
,,,,,,,,,,2021-03-06 09:37:00,,,,,,,,,,,,,,,,,,Win,Blue,,Domestic
,,,,,,,,,,2021-03-04 12:44:00,,,,,,,,,,,,,,,,,,Loss,Blue,,Domestic
,,,,,,,,,,2021-03-04 11:02:00,,,,,,,,,,,,,,,,,,Loss,Red,,Domestic
,,,,,,,,,,2021-02-27 12:18:00,,,,,,,,,,,,,,,,,,Loss,Blue,,Domestic
,,,,,,,,,,2021-02-27 11:19:00,,,,,,,,,,,,,,,,,,Win,Red,,Domestic
,,,,,,,,,,2021-02-27 09:42:00,,,,,,,,,,,,,,,,,,Loss,Blue,,Domestic
,,,,,,,,,,2021-02-25 08:48:00,,,,,,,,,,,,,,,,,,Win,Blue,,Domestic
,,,,,,,,,,2021-02-25 07:15:00,,,,,,,,,,,,,,,,,,Win,Red,,Domestic
,,,,,,,,,,2021-02-21 12:49:00,,,,,,,,,,,,,,,,,,Win,Blue,,Domestic
,,,,,,,,,,2021-02-21 11:00:00,,,,,,,,,,,,,,,,,,Win,Red,,Domestic
,,,,,,,,,,2021-02-19 09:39:00,,,,,,,,,,,,,,,,,,Loss,Red,,Domestic
,,,,,,,,,,2021-02-19 08:40:00,,,,,,,,,,,,,,,,,,Win,Blue,,Domestic
,,,,,,,,,,2021-02-19 06:18:00,,,,,,,,,,,,,,,,,,Loss,Red,,Domestic
,,,,,,,,,,2021-02-06 08:31:00,,,,,,,,,,,,,,,,,,Win,Red,,Domestic
,,,,,,,,,,2021-02-06 06:38:00,,,,,,,,,,,,,,,,,,Win,Blue,,Domestic
,,,,,,,,,,2021-02-03 09:47:00,,,,,,,,,,,,,,,,,,Win,Blue,,Domestic
,,,,,,,,,,2021-02-03 08:42:00,,,,,,,,,,,,,,,,,,Loss,Red,,Domestic
,,,,,,,,,,2021-02-03 05:25:00,,,,,,,,,,,,,,,,,,Win,Blue,,Domestic
,,,,,,,,,,2021-01-31 08:42:00,,,,,,,,,,,,,,,,,,Loss,Blue,,Domestic
,,,,,,,,,,2021-01-31 06:50:00,,,,,,,,,,,,,,,,,,Loss,Red,,Domestic
,,,,,,,,,,2021-01-28 11:36:00,,,,,,,,,,,,,,,,,,Win,Red,,Domestic
,,,,,,,,,,2021-01-28 09:41:00,,,,,,,,,,,,,,,,,,Win,Blue,,Domestic
,,,,,,,,,,2021-01-24 09:41:00,,,,,,,,,,,,,,,,,,Loss,Red,,Domestic
,,,,,,,,,,2021-01-24 08:41:00,,,,,,,,,,,,,,,,,,Loss,Blue,,Domestic
,,,,,,,,,,2021-01-24 05:30:00,,,,,,,,,,,,,,,,,,Win,Red,,Domestic
,,,,,,,,,,2021-01-21 09:37:00,,,,,,,,,,,,,,,,,,Loss,Blue,,Domestic
,,,,,,,,,,2021-01-21 08:43:00,,,,,,,,,,,,,,,,,,Loss,Red,,Domestic
,,,,,,,,,,2021-01-21 06:46:00,,,,,,,,,,,,,,,,,,Win,Blue,,Domestic
,,,,,,,,,,2021-01-15 12:21:00,,,,,,,,,,,,,,,,,,Loss,Red,,Domestic
,,,,,,,,,,2021-01-15 11:21:00,,,,,,,,,,,,,,,,,,Loss,Blue,,Domestic
,,,,,,,,,,2021-01-15 09:38:00,,,,,,,,,,,,,,,,,,Win,Red,,Domestic
,,,,,,,,,,2021-01-13 12:29:00,,,,,,,,,,,,,,,,,,Win,Blue,,Domestic
,,,,,,,,,,2021-01-13 11:32:00,,,,,,,,,,,,,,,,,,Loss,Red,,Domestic
,,,,,,,,,,2021-01-13 10:04:00,,,,,,,,,,,,,,,,,,Win,Blue,,Domestic
,,,,,,,,,,2020-12-24 10:46:00,,,,,,,,,,,,,,,,,,Loss,Blue,,Domestic
,,,,,,,,,,2020-12-22 12:07:00,,,,,,,,,,,,,,,,,,Loss,Blue,,Domestic
,,,,,,,,,,2020-12-22 09:00:00,,,,,,,,,,,,,,,,,,Loss,Blue,,Domestic
,,,,,,,,,,2020-09-09 09:51:00,,,,,,,,,,,,,,,,,,Loss,Red,,Domestic
,,,,,,,,,,2020-09-09 08:14:00,,,,,,,,,,,,,,,,,,Loss,Blue,,Domestic
,,,,,,,,,,2020-09-09 06:30:00,,,,,,,,,,,,,,,,,,Loss,Red,,Domestic
,,,,,,,,,,2020-09-08 10:51:00,,,,,,,,,,,,,,,,,,Win,Red,,Domestic
,,,,,,,,,,2020-09-08 09:51:00,,,,,,,,,,,,,,,,,,Win,Blue,,Domestic
,,,,,,,,,,2020-09-08 08:37:00,,,,,,,,,,,,,,,,,,Loss,Red,,Domestic
,,,,,,,,,,2020-09-08 06:18:00,,,,,,,,,,,,,,,,,,Win,Blue,,Domestic
,,,,,,,,,,2020-08-26 09:28:00,,,,,,,,,,,,,,,,,,Loss,Blue,,Domestic
,,,,,,,,,,2020-08-26 08:45:00,,,,,,,,,,,,,,,,,,Win,Blue,,Domestic
,,,,,,,,,,2020-08-26 06:29:00,,,,,,,,,,,,,,,,,,Loss,Blue,,Domestic
,,,,,,,,,,2020-08-23 09:41:00,,,,,,,,,,,,,,,,,,Win,Blue,,Domestic
,,,,,,,,,,2020-08-23 08:38:00,,,,,,,,,,,,,,,,,,Loss,Red,,Domestic
,,,,,,,,,,2020-08-23 05:12:00,,,,,,,,,,,,,,,,,,Win,Blue,,Domestic
,,,,,,,,,,2020-08-20 08:45:00,,,,,,,,,,,,,,,,,,Loss,Blue,,Domestic
,,,,,,,,,,2020-08-20 06:43:00,,,,,,,,,,,,,,,,,,Loss,Red,,Domestic
,,,,,,,,,,2020-08-13 12:23:00,,,,,,,,,,,,,,,,,,Win,Red,,Domestic
,,,,,,,,,,2020-08-13 10:56:00,,,,,,,,,,,,,,,,,,Win,Blue,,Domestic
,,,,,,,,,,2020-08-09 08:47:00,,,,,,,,,,,,,,,,,,Win,Blue,,Domestic
,,,,,,,,,,2020-08-09 05:59:00,,,,,,,,,,,,,,,,,,Win,Red,,Domestic
,,,,,,,,,,2020-08-06 12:07:00,,,,,,,,,,,,,,,,,,Win,Blue,,Domestic
,,,,,,,,,,2020-08-06 10:34:00,,,,,,,,,,,,,,,,,,Win,Red,,Domestic
,,,,,,,,,,2020-08-02 11:32:00,,,,,,,,,,,,,,,,,,Win,Red,,Domestic
,,,,,,,,,,2020-08-02 09:22:00,,,,,,,,,,,,,,,,,,Win,Blue,,Domestic
,,,,,,,,,,2020-07-31 08:45:00,,,,,,,,,,,,,,,,,,Win,Red,,Domestic
,,,,,,,,,,2020-07-31 06:16:00,,,,,,,,,,,,,,,,,,Win,Blue,,Domestic
,,,,,,,,,,2020-07-25 09:25:00,,,,,,,,,,,,,,,,,,Win,Red,,Domestic
,,,,,,,,,,2020-07-25 08:45:00,,,,,,,,,,,,,,,,,,Win,Blue,,Domestic
,,,,,,,,,,2020-07-25 07:35:00,,,,,,,,,,,,,,,,,,Loss,Red,,Domestic
,,,,,,,,,,2020-07-18 11:45:00,,,,,,,,,,,,,,,,,,Loss,Red,,Domestic
,,,,,,,,,,2020-07-18 09:54:00,,,,,,,,,,,,,,,,,,Loss,Blue,,Domestic
,,,,,,,,,,2020-07-16 08:35:00,,,,,,,,,,,,,,,,,,Win,Blue,,Domestic
,,,,,,,,,,2020-07-16 05:38:00,,,,,,,,,,,,,,,,,,Win,Red,,Domestic
,,,,,,,,,,2020-07-12 09:39:00,,,,,,,,,,,,,,,,,,Loss,Blue,,Domestic
,,,,,,,,,,2020-07-12 08:44:00,,,,,,,,,,,,,,,,,,Loss,Red,,Domestic
,,,,,,,,,,2020-07-12 06:51:00,,,,,,,,,,,,,,,,,,Win,Blue,,Domestic
,,,,,,,,,,2020-07-09 08:40:00,,,,,,,,,,,,,,,,,,Win,Red,,Domestic
,,,,,,,,,,2020-07-09 06:32:00,,,,,,,,,,,,,,,,,,Win,Blue,,Domestic
,,,,,,,,,,2020-07-03 11:47:00,,,,,,,,,,,,,,,,,,Win,Blue,,Domestic
,,,,,,,,,,2020-07-03 09:35:00,,,,,,,,,,,,,,,,,,Win,Red,,Domestic
,,,,,,,,,,2020-07-01 07:47:00,,,,,,,,,,,,,,,,,,Loss,Red,,Domestic
,,,,,,,,,,2020-07-01 05:34:00,,,,,,,,,,,,,,,,,,Loss,Blue,,Domestic
,,,,,,,,,,2020-06-28 10:39:00,,,,,,,,,,,,,,,,,,Win,Blue,,Domestic
,,,,,,,,,,2020-06-28 08:48:00,,,,,,,,,,,,,,,,,,Win,Red,,Domestic
,,,,,,,,,,2020-06-26 08:38:00,,,,,,,,,,,,,,,,,,Win,Red,,Domestic
,,,,,,,,,,2020-06-26 07:46:00,,,,,,,,,,,,,,,,,,Win,Blue,,Domestic
,,,,,,,,,,2020-06-26 05:33:00,,,,,,,,,,,,,,,,,,Loss,Red,,Domestic
,,,,,,,,,,2020-06-20 12:29:00,,,,,,,,,,,,,,,,,,Win,Blue,,Domestic
,,,,,,,,,,2020-06-20 11:34:00,,,,,,,,,,,,,,,,,,Loss,Red,,Domestic
,,,,,,,,,,2020-06-20 09:59:00,,,,,,,,,,,,,,,,,,Win,Blue,,Domestic
,,,,,,,,,,2020-06-17 11:45:00,,,,,,,,,,,,,,,,,,Loss,Red,,Domestic
,,,,,,,,,,2020-06-17 10:42:00,,,,,,,,,,,,,,,,,,Win,Blue,,Domestic
,,,,,,,,,,2020-06-17 09:02:00,,,,,,,,,,,,,,,,,,Loss,Red,,Domestic
,,,,,,,,,,2020-05-28 11:18:00,,,,,,,,,,,,,,,,,,Loss,Blue,,Domestic
,,,,,,,,,,2020-05-28 07:55:00,,,,,,,,,,,,,,,,,,Loss,Blue,,Domestic
,,,,,,,,,,2020-05-28 03:36:00,,,,,,,,,,,,,,,,,,Win,Red,,Domestic
,,,,,,,,,,2020-04-25 09:30:00,,,,,,,,,,,,,,,,,,Win,Red,,Domestic
,,,,,,,,,,2020-04-25 08:37:00,,,,,,,,,,,,,,,,,,Win,Blue,,Domestic
,,,,,,,,,,2020-04-25 06:49:00,,,,,,,,,,,,,,,,,,Win,Blue,,Domestic
,,,,,,,,,,2020-04-22 09:46:00,,,,,,,,,,,,,,,,,,Win,Red,,Domestic
,,,,,,,,,,2020-04-22 08:48:00,,,,,,,,,,,,,,,,,,Loss,Blue,,Domestic
,,,,,,,,,,2020-04-22 07:57:00,,,,,,,,,,,,,,,,,,Win,Red,,Domestic
,,,,,,,,,,2020-04-22 06:07:00,,,,,,,,,,,,,,,,,,Win,Blue,,Domestic
,,,,,,,,,,2020-04-15 08:58:00,,,,,,,,,,,,,,,,,,Win,Red,,Domestic
,,,,,,,,,,2020-04-15 07:47:00,,,,,,,,,,,,,,,,,,Win,Blue,,Domestic
,,,,,,,,,,2020-04-10 11:26:00,,,,,,,,,,,,,,,,,,Loss,Red,,Domestic
,,,,,,,,,,2020-04-10 09:54:00,,,,,,,,,,,,,,,,,,Loss,Blue,,Domestic
,,,,,,,,,,2020-04-09 07:50:00,,,,,,,,,,,,,,,,,,Win,Blue,,Domestic
,,,,,,,,,,2020-04-09 06:38:00,,,,,,,,,,,,,,,,,,Win,Red,,Domestic
,,,,,,,,,,2020-04-05 05:44:00,,,,,,,,,,,,,,,,,,Loss,Blue,,Domestic
,,,,,,,,,,2020-04-05 04:03:00,,,,,,,,,,,,,,,,,,Loss,Red,,Domestic
,,,,,,,,,,2020-04-03 09:11:00,,,,,,,,,,,,,,,,,,Win,Red,,Domestic
,,,,,,,,,,2020-04-03 08:06:00,,,,,,,,,,,,,,,,,,Win,Blue,,Domestic
,,,,,,,,,,2020-04-03 06:42:00,,,,,,,,,,,,,,,,,,Loss,Red,,Domestic
,,,,,,,,,,2020-04-01 13:26:00,,,,,,,,,,,,,,,,,,Win,Red,,Domestic
,,,,,,,,,,2020-04-01 12:31:00,,,,,,,,,,,,,,,,,,Win,Blue,,Domestic
,,,,,,,,,,2020-04-01 10:48:00,,,,,,,,,,,,,,,,,,Loss,Red,,Domestic
,,,,,,,,,,2020-03-29 06:33:00,,,,,,,,,,,,,,,,,,Win,Blue,,Domestic
,,,,,,,,,,2020-03-29 05:44:00,,,,,,,,,,,,,,,,,,Loss,Red,,Domestic
,,,,,,,,,,2020-03-29 04:48:00,,,,,,,,,,,,,,,,,,Win,Blue,,Domestic
,,,,,,,,,,2020-03-27 12:36:00,,,,,,,,,,,,,,,,,,Win,Red,,Domestic
,,,,,,,,,,2020-03-27 10:48:00,,,,,,,,,,,,,,,,,,Win,Blue,,Domestic
,,,,,,,,,,2020-03-26 09:05:00,,,,,,,,,,,,,,,,,,Win,Red,,Domestic
,,,,,,,,,,2020-03-26 07:52:00,,,,,,,,,,,,,,,,,,Win,Blue,,Domestic
,,,,,,,,,,2020-03-05 12:43:00,,,,,,,,,,,,,,,,,,Loss,Red,,Domestic
,,,,,,,,,,2020-03-05 11:44:00,,,,,,,,,,,,,,,,,,Loss,Blue,,Domestic
,,,,,,,,,,2020-03-05 10:07:00,,,,,,,,,,,,,,,,,,Win,Red,,Domestic
,,,,,,,,,,2020-02-28 11:44:00,,,,,,,,,,,,,,,,,,Win,Red,,Domestic
,,,,,,,,,,2020-02-28 09:32:00,,,,,,,,,,,,,,,,,,Win,Blue,,Domestic
,,,,,,,,,,2020-02-26 11:58:00,,,,,,,,,,,,,,,,,,Win,Red,,Domestic
,,,,,,,,,,2020-02-26 10:34:00,,,,,,,,,,,,,,,,,,Win,Blue,,Domestic
,,,,,,,,,,2020-02-22 12:10:00,,,,,,,,,,,,,,,,,,Win,Blue,,Domestic
,,,,,,,,,,2020-02-22 10:34:00,,,,,,,,,,,,,,,,,,Win,Red,,Domestic
,,,,,,,,,,2020-02-19 12:42:00,,,,,,,,,,,,,,,,,,Win,Red,,Domestic
,,,,,,,,,,2020-02-19 11:44:00,,,,,,,,,,,,,,,,,,Loss,Blue,,Domestic
,,,,,,,,,,2020-02-19 10:40:00,,,,,,,,,,,,,,,,,,Win,Red,,Domestic
,,,,,,,,,,2020-02-16 12:54:00,,,,,,,,,,,,,,,,,,Win,Blue,,Domestic
,,,,,,,,,,2020-02-16 12:02:00,,,,,,,,,,,,,,,,,,Loss,Red,,Domestic
,,,,,,,,,,2020-02-16 10:35:00,,,,,,,,,,,,,,,,,,Win,Blue,,Domestic
,,,,,,,,,,2020-02-13 08:43:00,,,,,,,,,,,,,,,,,,Win,Blue,,Domestic
,,,,,,,,,,2020-02-13 07:52:00,,,,,,,,,,,,,,,,,,Win,Red,,Domestic
,,,,,,,,,,2020-02-07 09:40:00,,,,,,,,,,,,,,,,,,Loss,Red,,Domestic
,,,,,,,,,,2020-02-07 08:57:00,,,,,,,,,,,,,,,,,,Win,Blue,,Domestic
,,,,,,,,,,2020-02-07 07:23:00,,,,,,,,,,,,,,,,,,Loss,Red,,Domestic
,,,,,,,,,,2020-02-05 10:14:00,,,,,,,,,,,,,,,,,,Win,Blue,,Domestic
,,,,,,,,,,2020-02-05 09:00:00,,,,,,,,,,,,,,,,,,Win,Red,,Domestic
,,,,,,,,,,2020-02-05 06:34:00,,,,,,,,,,,,,,,,,,Loss,Blue,,Domestic
,,,,,,,,,,2020-01-03 10:57:00,,,,,,,,,,,,,,,,,,Loss,Blue,,Domestic
,,,,,,,,,,2020-01-03 10:05:00,,,,,,,,,,,,,,,,,,Win,Blue,,Domestic
,,,,,,,,,,2020-01-03 09:00:00,,,,,,,,,,,,,,,,,,Loss,Blue,,Domestic
,,,,,,,,,,2020-01-03 07:33:00,,,,,,,,,,,,,,,,,,Loss,Red,,Domestic
,,,,,,,,,,2019-12-31 09:49:00,,,,,,,,,,,,,,,,,,Win,Red,,Domestic
,,,,,,,,,,2019-12-31 08:53:00,,,,,,,,,,,,,,,,,,Loss,Red,,Domestic
,,,,,,,,,,2019-12-31 07:48:00,,,,,,,,,,,,,,,,,,Win,Red,,Domestic
